keep_label,review_status,review_notes,cik,company_name,aaer_year,match_score,aaer_date,aaer_numbers,aaer_details,aaer_links,label_source,normalized_company_name,distinctive_company_tokens,exact_company_phrase_in_aaer,distinctive_token_coverage,triage_category,automation_status,automation_reason
1,LIKELY COMPANY MATCH,,1604028,"ADVANCED DRAINAGE SYSTEMS, INC.",2018,100,10-Jul-18,AAER-3949,"Advanced Drainage Systems, Inc. and Mark B. Sturgeon, CPA Release No. 33-10517, 34-83612, AAER-3949 See Also: Administrative Summary",https://www.sec.gov/files/litigation/admin/2018/33-10517.pdf | https://www.sec.gov/enforce/33-10517-s,SEC AAER index + company-name candidate matching,ADVANCED DRAINAGE SYSTEMS,ADVANCED | DRAINAGE,True,1.0,EXACT_NAME_MATCH—MANUAL_CONFIRM,AUTO_ACCEPT_STRICT,Full legal-entity name appears in the AAER title with an immediate corporate suffix.
0,LIKELY COMPANY MATCH,,105608,AG&E HOLDINGS INC.,2010,100,3-Jun-10,AAER-3138,"Walter A. Forbes and E. Kirk Shelton Release No. LR-21548, AAER-3138",https://www.sec.gov/enforcement-litigation/litigation-releases/lr-21548,SEC AAER index + company-name candidate matching,AND E,,True,0.0,EXACT_NAME_MATCH—MANUAL_CONFIRM,AUTO_REJECT_OBVIOUS_MISMATCH,Candidate name contains only generic/short terms and the full legal entity was not found.
1,LIKELY COMPANY MATCH,,1403720,"AIRTOUCH COMMUNICATIONS, INC.",2015,100,9-Apr-15,AAER-3650,"AirTouch Communications, Inc. Kanakubo, Hideyuki Kaiser, Jerome, CPA Release No. 33-9744, 34-74691, AAER-3650",https://www.sec.gov/files/litigation/admin/2015/33-9744.pdf,SEC AAER index + company-name candidate matching,AIRTOUCH COMMUNICATIONS,AIRTOUCH | COMMUNICATIONS,True,1.0,EXACT_NAME_MATCH—MANUAL_CONFIRM,AUTO_ACCEPT_STRICT,Full legal-entity name appears in the AAER title with an immediate corporate suffix.
1,LIKELY COMPANY MATCH,,3116,AKORN INC,2018,100,26-Mar-18,AAER-3931,"Akorn, Inc., Timothy Dick, and David Hebeda Release No. LR-24082, AAER-3931 See Also: SEC Complaint",https://www.sec.gov/enforcement-litigation/litigation-releases/lr-24082 | https://www.sec.gov/files/litigation/complaints/2018/comp24082.pdf,SEC AAER index + company-name candidate matching,AKORN,AKORN,True,1.0,EXACT_NAME_MATCH—MANUAL_CONFIRM,AUTO_ACCEPT_STRICT,Full legal-entity name appears in the AAER title with an immediate corporate suffix.
1,LIKELY COMPANY MATCH,,899866,ALEXION PHARMACEUTICALS INC,2020,100,2-Jul-20,AAER-4151,"Alexion Pharmaceuticals, Inc. Release No. 34-89214, AAER-4151",https://www.sec.gov/files/litigation/admin/2020/34-89214.pdf,SEC AAER index + company-name candidate matching,ALEXION PHARMACEUTICALS,ALEXION | PHARMACEUTICALS,True,1.0,EXACT_NAME_MATCH—MANUAL_CONFIRM,AUTO_ACCEPT_STRICT,Full legal-entity name appears in the AAER title with an immediate corporate suffix.
1,LIKELY COMPANY MATCH,,6284,ANALOGIC CORP,2016,100,21-Jun-16,AAER-3784,"Analogic Corporation and Lars Frost Release No. 34-78113, AAER-3784",https://www.sec.gov/files/litigation/admin/2016/34-78113.pdf,SEC AAER index + company-name candidate matching,ANALOGIC,ANALOGIC,True,1.0,EXACT_NAME_MATCH—MANUAL_CONFIRM,AUTO_ACCEPT_STRICT,Full legal-entity name appears in the AAER title with an immediate corporate suffix.
1,LIKELY COMPANY MATCH,,1091748,"ARGO GROUP INTERNATIONAL HOLDINGS, INC.",2020,100,4-Jun-20,AAER-4146,"Argo Group International Holdings, Ltd. Release No. 34-89009, AAER-4146",https://www.sec.gov/files/litigation/admin/2020/34-89009.pdf,SEC AAER index + company-name candidate matching,ARGO GROUP INTERNATIONAL,ARGO,True,1.0,EXACT_NAME_MATCH—MANUAL_CONFIRM,AUTO_ACCEPT_STRICT,Full legal-entity name appears in the AAER title with an immediate corporate suffix.
1,LIKELY COMPANY MATCH,,1001258,ASTA FUNDING INC,2021,100,29-Apr-21,AAER-4215,"Asta Funding, Inc. Release No. 34-91718, AAER-4215",https://www.sec.gov/files/litigation/admin/2021/34-91718.pdf,SEC AAER index + company-name candidate matching,ASTA FUNDING,ASTA | FUNDING,True,1.0,EXACT_NAME_MATCH—MANUAL_CONFIRM,AUTO_ACCEPT_STRICT,Full legal-entity name appears in the AAER title with an immediate corporate suffix.
1,LIKELY COMPANY MATCH,,8818,AVERY DENNISON CORP,2009,100,28-Jul-09,AAER-3020,"Avery Dennison Corporation Release No. LR-21156, AAER-3020 See Also: SEC Complaint",https://www.sec.gov/enforcement-litigation/litigation-releases/lr-21156 | https://www.sec.gov/files/litigation/complaints/2009/comp21156.pdf,SEC AAER index + company-name candidate matching,AVERY DENNISON,AVERY | DENNISON,True,1.0,EXACT_NAME_MATCH—MANUAL_CONFIRM,AUTO_ACCEPT_STRICT,Full legal-entity name appears in the AAER title with an immediate corporate suffix.
1,LIKELY COMPANY MATCH,,8818,AVERY DENNISON CORP,2009,100,28-Jul-09,AAER-3021,"Avery Dennison Corporation Release No. 34-60393, AAER-3021",https://www.sec.gov/files/litigation/admin/2009/34-60393.pdf,SEC AAER index + company-name candidate matching,AVERY DENNISON,AVERY | DENNISON,True,1.0,EXACT_NAME_MATCH—MANUAL_CONFIRM,AUTO_ACCEPT_STRICT,Full legal-entity name appears in the AAER title with an immediate corporate suffix.
1,LIKELY COMPANY MATCH,,1092492,AXESSTEL INC,2018,100,2-Jul-18,AAER-3945,"Axesstel, Inc., et al. Release No. LR-24181, AAER-3945 See Also: SEC Complaint",https://www.sec.gov/enforcement-litigation/litigation-releases/lr-24181 | https://www.sec.gov/files/litigation/complaints/2018/comp24181.pdf,SEC AAER index + company-name candidate matching,AXESSTEL,AXESSTEL,True,1.0,EXACT_NAME_MATCH—MANUAL_CONFIRM,AUTO_ACCEPT_STRICT,Full legal-entity name appears in the AAER title with an immediate corporate suffix.
0,LIKELY COMPANY MATCH,,1295401,"BANCORP, INC.",2009,100,6-Jul-09,AAER-3007,"Doral Financial Corporation and First BanCorp Release No. LR-21117, AAER-3007",https://www.sec.gov/enforcement-litigation/litigation-releases/lr-21117,SEC AAER index + company-name candidate matching,BANCORP,BANCORP,True,1.0,EXACT_NAME_MATCH—MANUAL_CONFIRM,AUTO_REJECT_OBVIOUS_MISMATCH,Only a single name token appears without an immediate corporate suffix; likely a person/surname collision.
0,LIKELY COMPANY MATCH,,1295401,"BANCORP, INC.",2015,100,1-Jun-15,AAER-3660,"First Bancorp, Anna Hollers and Teresa Nixon (Corrected Order) Release No. 34-75086, AAER-3660",https://www.sec.gov/files/litigation/admin/2015/34-75086.pdf,SEC AAER index + company-name candidate matching,BANCORP,BANCORP,True,1.0,EXACT_NAME_MATCH—MANUAL_CONFIRM,AUTO_REJECT_OBVIOUS_MISMATCH,Only a single name token appears without an immediate corporate suffix; likely a person/surname collision.
1,LIKELY COMPANY MATCH,,885590,BAUSCH HEALTH COMPANIES INC.,2020,100,31-Jul-20,AAER-4153,"Valeant Pharmaceuticals International, Inc. and n/k/a Bausch Health Companies Inc. Release No. 33-10809, 34-89442, AAER-4153",https://www.sec.gov/files/litigation/admin/2020/33-10809.pdf,SEC AAER index + company-name candidate matching,BAUSCH HEALTH COMPANIES,BAUSCH | HEALTH | COMPANIES,True,1.0,EXACT_NAME_MATCH—MANUAL_CONFIRM,AUTO_ACCEPT_STRICT,Full legal-entity name appears in the AAER title with an immediate corporate suffix.
1,LIKELY COMPANY MATCH,,351346,BIOMET INC,2012,100,26-Mar-12,AAER-3374,"Biomet, Inc. Release No. LR-22306, AAER-3374 See Also: SEC Complaint",https://www.sec.gov/enforcement-litigation/litigation-releases/lr-22306 | https://www.sec.gov/files/litigation/complaints/2012/comp22306.pdf,SEC AAER index + company-name candidate matching,BIOMET,BIOMET,True,1.0,EXACT_NAME_MATCH—MANUAL_CONFIRM,AUTO_ACCEPT_STRICT,Full legal-entity name appears in the AAER title with an immediate corporate suffix.
1,LIKELY COMPANY MATCH,,885590,BIOVAIL CORP,2011,100,19-Apr-11,AAER-3271,"Biovail Corporation, Eugene Melnyk, Brian Crombie, John Miszuk, and Kenneth G. Howling Release No. LR-21938, AAER-3271",https://www.sec.gov/enforcement-litigation/litigation-releases/lr-21938,SEC AAER index + company-name candidate matching,BIOVAIL,BIOVAIL,True,1.0,EXACT_NAME_MATCH—MANUAL_CONFIRM,AUTO_ACCEPT_STRICT,Full legal-entity name appears in the AAER title with an immediate corporate suffix.
1,LIKELY COMPANY MATCH,,896429,"CANTALOUPE, INC.",2023,100,5-Jun-23,AAER-4417,"Cantaloupe, Inc. (f/k/a USA Technologies, Inc.) Release No. 33-11202, 34-97651, AAER-4417 See Also: Administrative Summary",https://www.sec.gov/files/litigation/admin/2023/33-11202.pdf | https://www.sec.gov/enforce/33-11202-s,SEC AAER index + company-name candidate matching,CANTALOUPE,CANTALOUPE,True,1.0,EXACT_NAME_MATCH—MANUAL_CONFIRM,AUTO_ACCEPT_STRICT,Full legal-entity name appears in the AAER title with an immediate corporate suffix.
1,LIKELY COMPANY MATCH,,927628,CAPITAL ONE FINANCIAL CORP,2013,100,24-Apr-13,AAER-3456,"Capital One Financial Corporation, Peter A. Schnall, and David A. LaGassa Release No. 34-69442, AAER-3456",https://www.sec.gov/files/litigation/admin/2013/34-69442.pdf,SEC AAER index + company-name candidate matching,CAPITAL ONE FINANCIAL,ONE,True,1.0,EXACT_NAME_MATCH—MANUAL_CONFIRM,AUTO_ACCEPT_STRICT,Full legal-entity name appears in the AAER title with an immediate corporate suffix.
0,LIKELY COMPANY MATCH,,1494562,CHINA INC,2010,100,7-Jun-10,AAER-3139,"China Yuchai International Limited Release No. 34-62235, AAER-3139",https://www.sec.gov/files/litigation/admin/2010/34-62235.pdf,SEC AAER index + company-name candidate matching,CHINA,CHINA,True,1.0,EXACT_NAME_MATCH—MANUAL_CONFIRM,AUTO_REJECT_OBVIOUS_MISMATCH,Only a single name token appears without an immediate corporate suffix; likely a person/surname collision.
0,LIKELY COMPANY MATCH,,1494562,CHINA INC,2012,100,14-May-12,AAER-3385,"China Natural Gas, Inc. and Qinan Ji Release No. LR-22368, AAER-3385 See Also: SEC Complaint",https://www.sec.gov/enforcement-litigation/litigation-releases/lr-22368 | https://www.sec.gov/files/litigation/complaints/2012/comp-pr2012-92.pdf,SEC AAER index + company-name candidate matching,CHINA,CHINA,True,1.0,EXACT_NAME_MATCH—MANUAL_CONFIRM,AUTO_REJECT_OBVIOUS_MISMATCH,Only a single name token appears without an immediate corporate suffix; likely a person/surname collision.
0,LIKELY COMPANY MATCH,,1494562,CHINA INC,2013,100,7-Jun-13,AAER-3463,"China Natural Gas, Inc. and Qinan Ji Release No. LR-22719, AAER-3463",https://www.sec.gov/enforcement-litigation/litigation-releases/lr-22719,SEC AAER index + company-name candidate matching,CHINA,CHINA,True,1.0,EXACT_NAME_MATCH—MANUAL_CONFIRM,AUTO_REJECT_OBVIOUS_MISMATCH,Only a single name token appears without an immediate corporate suffix; likely a person/surname collision.
0,LIKELY COMPANY MATCH,,1494562,CHINA INC,2013,100,20-Jun-13,AAER-3479,"China MediaExpress Holdings, Inc. and Zheng Cheng Release No. LR-22731, AAER-3479 See Also: SEC Complaint",https://www.sec.gov/enforcement-litigation/litigation-releases/lr-22731 | https://www.sec.gov/files/litigation/complaints/2013/comp22731.pdf,SEC AAER index + company-name candidate matching,CHINA,CHINA,True,1.0,EXACT_NAME_MATCH—MANUAL_CONFIRM,AUTO_REJECT_OBVIOUS_MISMATCH,Only a single name token appears without an immediate corporate suffix; likely a person/surname collision.
0,LIKELY COMPANY MATCH,,1494562,CHINA INC,2013,100,22-Jul-13,AAER-3484,"China Intelligent Lighting and Electronics, Inc. and NIVS IntelliMedia Technology Group, Inc. Release No. LR-22755, AAER-3484 See Also: SEC Complaint",https://www.sec.gov/enforcement-litigation/litigation-releases/lr-22755 | https://www.sec.gov/files/litigation/complaints/2013/comp22755.pdf,SEC AAER index + company-name candidate matching,CHINA,CHINA,True,1.0,EXACT_NAME_MATCH—MANUAL_CONFIRM,AUTO_REJECT_OBVIOUS_MISMATCH,Only a single name token appears without an immediate corporate suffix; likely a person/surname collision.
0,LIKELY COMPANY MATCH,,1494562,CHINA INC,2014,100,9-May-14,AAER-3552,"BDO China Dahua CPA Co., Ltd., Ernst & Young Hua Ming LLP, KPMG Huazhen (Special General Partnership), Deloitte Touche Tohmatsu Certified Public Accountants Ltd., and Pricewaterhousecoopers Zhong Tian CPAs Limited (Order Denying the Division's Motion to Strike the Notice of Withdrawal of Appearance and Setting a Briefing Schedule) Release No. 34-72134, AAER-3552",https://www.sec.gov/files/litigation/opinions/2014/34-72134.pdf,SEC AAER index + company-name candidate matching,CHINA,CHINA,True,1.0,EXACT_NAME_MATCH—MANUAL_CONFIRM,AUTO_REJECT_OBVIOUS_MISMATCH,Only a single name token appears without an immediate corporate suffix; likely a person/surname collision.
0,LIKELY COMPANY MATCH,,1494562,CHINA INC,2014,100,9-May-14,AAER-3553,"BDO China Dahua CPA Co., Ltd., Ernst & Young Hua Ming LLP, KPMG Huazhen (Special General Partnership), Deloitte Touche Tohmatsu Certified Public Accountants Ltd., and Pricewaterhousecoopers Zhong Tian CPAs Limited (Order Granting Leave to Adduce Additional Evidence and Granting the Petitions for Review) Release No. 34-72140, AAER-3553",https://www.sec.gov/files/litigation/opinions/2014/34-72140.pdf,SEC AAER index + company-name candidate matching,CHINA,CHINA,True,1.0,EXACT_NAME_MATCH—MANUAL_CONFIRM,AUTO_REJECT_OBVIOUS_MISMATCH,Only a single name token appears without an immediate corporate suffix; likely a person/surname collision.
0,LIKELY COMPANY MATCH,,1494562,CHINA INC,2014,100,2-Jun-14,AAER-3556,"BDO China Dahua CPA Co., Ltd. Deloitte Touche Tohmatsu Certified Public Accountants Ltd. Ernst & Young Hua Ming, LLP KPMG Huazhen (Special General Partnership) PricewaterhouseCoopers Zhong Tian CPAs Limited Release No. 34-72296, AAER-3556",https://www.sec.gov/files/litigation/admin/2014/34-72296.pdf,SEC AAER index + company-name candidate matching,CHINA,CHINA,True,1.0,EXACT_NAME_MATCH—MANUAL_CONFIRM,AUTO_REJECT_OBVIOUS_MISMATCH,Only a single name token appears without an immediate corporate suffix; likely a person/surname collision.
0,LIKELY COMPANY MATCH,,1494562,CHINA INC,2015,100,20-Mar-15,AAER-3643,"BDO China Dahua CPA Co., Ltd., et al. (Order Granting the Division of Enforcement's Unopposed Motion to Withdraw Its Petition for Review as to Dahua CPA, Ltd. and Notice That Initial Decision Has Become Final as to Dahua CPA, Ltd.) Release No. 34-74552, AAER-3643",https://www.sec.gov/files/litigation/opinions/2015/34-74552.pdf,SEC AAER index + company-name candidate matching,CHINA,CHINA,True,1.0,EXACT_NAME_MATCH—MANUAL_CONFIRM,AUTO_REJECT_OBVIOUS_MISMATCH,Only a single name token appears without an immediate corporate suffix; likely a person/surname collision.
1,LIKELY COMPANY MATCH,,1120830,"CHINA NATURAL GAS, INC.",2012,100,14-May-12,AAER-3385,"China Natural Gas, Inc. and Qinan Ji Release No. LR-22368, AAER-3385 See Also: SEC Complaint",https://www.sec.gov/enforcement-litigation/litigation-releases/lr-22368 | https://www.sec.gov/files/litigation/complaints/2012/comp-pr2012-92.pdf,SEC AAER index + company-name candidate matching,CHINA NATURAL GAS,CHINA | NATURAL | GAS,True,1.0,EXACT_NAME_MATCH—MANUAL_CONFIRM,AUTO_ACCEPT_STRICT,Full legal-entity name appears in the AAER title with an immediate corporate suffix.
1,LIKELY COMPANY MATCH,,1120830,"CHINA NATURAL GAS, INC.",2013,100,7-Jun-13,AAER-3463,"China Natural Gas, Inc. and Qinan Ji Release No. LR-22719, AAER-3463",https://www.sec.gov/enforcement-litigation/litigation-releases/lr-22719,SEC AAER index + company-name candidate matching,CHINA NATURAL GAS,CHINA | NATURAL | GAS,True,1.0,EXACT_NAME_MATCH—MANUAL_CONFIRM,AUTO_ACCEPT_STRICT,Full legal-entity name appears in the AAER title with an immediate corporate suffix.
1,LIKELY COMPANY MATCH,,1692415,"CO-DIAGNOSTICS, INC.",2023,100,5-Jul-23,AAER-4428,"Co-Diagnostics, Inc. Release No. 33-11209, 34-97836, AAER-4428 See Also: Administrative Summary",https://www.sec.gov/files/litigation/admin/2023/33-11209.pdf | https://www.sec.gov/enforce/33-11209-s,SEC AAER index + company-name candidate matching,DIAGNOSTICS,DIAGNOSTICS,True,1.0,EXACT_NAME_MATCH—MANUAL_CONFIRM,AUTO_ACCEPT_STRICT,Full legal-entity name appears in the AAER title with an immediate corporate suffix.
1,LIKELY COMPANY MATCH,,23082,COMPUTER SCIENCES CORP,2015,100,5-Jun-15,AAER-3662,"Computer Sciences Corporation, et al. Release No. 33-9804, 34-75110, AAER-3662",https://www.sec.gov/files/litigation/admin/2015/33-9804.pdf,SEC AAER index + company-name candidate matching,COMPUTER SCIENCES,COMPUTER | SCIENCES,True,1.0,EXACT_NAME_MATCH—MANUAL_CONFIRM,AUTO_ACCEPT_STRICT,Full legal-entity name appears in the AAER title with an immediate corporate suffix.
0,LIKELY COMPANY MATCH,,1549872,"COMVERSE, INC.",2009,100,18-Jun-09,AAER-2994,"Comverse Technology, Inc. Release No. LR-21090, AAER-2994 See Also: SEC Complaint",https://www.sec.gov/enforcement-litigation/litigation-releases/lr-21090 | https://www.sec.gov/files/litigation/complaints/2009/comp21090.pdf,SEC AAER index + company-name candidate matching,COMVERSE,COMVERSE,True,1.0,EXACT_NAME_MATCH—MANUAL_CONFIRM,AUTO_REJECT_OBVIOUS_MISMATCH,Only a single name token appears without an immediate corporate suffix; likely a person/surname collision.
1,LIKELY COMPANY MATCH,,889348,CPI AEROSTRUCTURES INC,2024,100,20-Jun-24,AAER-4510,"CPI Aerostructures, Inc. Release No. 34-100389, AAER-4510 See Also: Administrative Summary",https://www.sec.gov/files/litigation/admin/2024/34-100389.pdf | https://www.sec.gov/enforce/ap-summary/34-100389-s,SEC AAER index + company-name candidate matching,CPI AEROSTRUCTURES,CPI | AEROSTRUCTURES,True,1.0,EXACT_NAME_MATCH—MANUAL_CONFIRM,AUTO_ACCEPT_STRICT,Full legal-entity name appears in the AAER title with an immediate corporate suffix.
0,LIKELY COMPANY MATCH,,1944013,CRANE CO,2013,100,8-May-13,AAER-3458,"Subaye, Inc. and James T. Crane Release No. LR-22698, AAER-3458 See Also: SEC Complaint",https://www.sec.gov/enforcement-litigation/litigation-releases/lr-22698 | https://www.sec.gov/files/litigation/complaints/2013/comp22698.pdf,SEC AAER index + company-name candidate matching,CRANE,CRANE,True,1.0,EXACT_NAME_MATCH—MANUAL_CONFIRM,AUTO_REJECT_OBVIOUS_MISMATCH,Only a single name token appears without an immediate corporate suffix; likely a person/surname collision.
0,LIKELY COMPANY MATCH,,25445,"CRANE HOLDINGS, CO.",2013,100,8-May-13,AAER-3458,"Subaye, Inc. and James T. Crane Release No. LR-22698, AAER-3458 See Also: SEC Complaint",https://www.sec.gov/enforcement-litigation/litigation-releases/lr-22698 | https://www.sec.gov/files/litigation/complaints/2013/comp22698.pdf,SEC AAER index + company-name candidate matching,CRANE,CRANE,True,1.0,EXACT_NAME_MATCH—MANUAL_CONFIRM,MANUAL_REVIEW_COMPLETED,Reviewer decision merged from aaer_manual_review_only.csv.
1,LIKELY COMPANY MATCH,,1498291,"DANIELS CORPORATE ADVISORY COMPANY, INC.",2021,100,29-Apr-21,AAER-4218,"Daniels Corporate Advisory Company, Inc. Release No. 34-91722, AAER-4218",https://www.sec.gov/files/litigation/admin/2021/34-91722.pdf,SEC AAER index + company-name candidate matching,DANIELS CORPORATE ADVISORY,DANIELS | CORPORATE | ADVISORY,True,1.0,EXACT_NAME_MATCH—MANUAL_CONFIRM,AUTO_ACCEPT_STRICT,Full legal-entity name appears in the AAER title with an immediate corporate suffix.
1,LIKELY COMPANY MATCH,,28823,DIEBOLD INC,2010,100,2-Jun-10,AAER-3137,"Diebold, Inc.; Walden O'Dell; and Gregory Geswein, Kevin Krakora, and Sandra Miller Release No. LR-21543, AAER-3137 See Also: SEC Complaint v. Diebold , Dell , and Miller",https://www.sec.gov/enforcement-litigation/litigation-releases/lr-21543 | https://www.sec.gov/files/litigation/complaints/2010/comp21543-diebold.pdf | https://www.sec.gov/files/litigation/complaints/2010/comp21543-odell.pdf | https://www.sec.gov/files/litigation/complaints/2010/comp21543-geswein.pdf,SEC AAER index + company-name candidate matching,DIEBOLD,DIEBOLD,True,1.0,EXACT_NAME_MATCH—MANUAL_CONFIRM,AUTO_ACCEPT_STRICT,Full legal-entity name appears in the AAER title with an immediate corporate suffix.
1,LIKELY COMPANY MATCH,,840889,DORAL FINANCIAL CORP,2009,100,6-Jul-09,AAER-3007,"Doral Financial Corporation and First BanCorp Release No. LR-21117, AAER-3007",https://www.sec.gov/enforcement-litigation/litigation-releases/lr-21117,SEC AAER index + company-name candidate matching,DORAL FINANCIAL,DORAL,True,1.0,EXACT_NAME_MATCH—MANUAL_CONFIRM,AUTO_ACCEPT_STRICT,Full legal-entity name appears in the AAER title with an immediate corporate suffix.
0,LIKELY COMPANY MATCH,,1799208,"DUN & BRADSTREET HOLDINGS, INC.",2018,100,23-Apr-18,AAER-3936,"The Dun & Bradstreet Corporation Release No. 34-83088, AAER-3936 See Also: Administrative Summary",https://www.sec.gov/files/litigation/admin/2018/34-83088.pdf | https://www.sec.gov/enforce/34-83088-s,SEC AAER index + company-name candidate matching,DUN AND BRADSTREET,DUN | BRADSTREET,True,1.0,EXACT_NAME_MATCH—MANUAL_CONFIRM,MANUAL_REVIEW_COMPLETED,Reviewer decision merged from aaer_manual_review_only.csv.
1,LIKELY COMPANY MATCH,,1688568,DXC TECHNOLOGY CO,2023,100,14-Mar-23,AAER-4391,"DXC Technology Company Release No. 33-11166, 34-97140, AAER-4391",https://www.sec.gov/files/litigation/admin/2023/33-11166.pdf,SEC AAER index + company-name candidate matching,DXC TECHNOLOGY,DXC,True,1.0,EXACT_NAME_MATCH—MANUAL_CONFIRM,AUTO_ACCEPT_STRICT,Full legal-entity name appears in the AAER title with an immediate corporate suffix.
1,LIKELY COMPANY MATCH,,1213809,DYADIC INTERNATIONAL INC,2009,100,4-Jun-09,AAER-2984,"Dyadic International, Inc. Release No. 34-60047, AAER-2984",https://www.sec.gov/files/litigation/admin/2009/34-60047.pdf,SEC AAER index + company-name candidate matching,DYADIC INTERNATIONAL,DYADIC,True,1.0,EXACT_NAME_MATCH—MANUAL_CONFIRM,AUTO_ACCEPT_STRICT,Full legal-entity name appears in the AAER title with an immediate corporate suffix.
1,LIKELY COMPANY MATCH,,1604643,EVOQUA WATER TECHNOLOGIES CORP.,2023,100,13-Mar-23,AAER-4390,"Evoqua Water Technologies Corp. and Imran Parekh Release No. LR-25662, AAER-4390 See Also: SEC Complaint",https://www.sec.gov/enforcement-litigation/litigation-releases/lr-25662 | https://www.sec.gov/files/litigation/complaints/2023/comp25662.pdf,SEC AAER index + company-name candidate matching,EVOQUA WATER TECHNOLOGIES,EVOQUA | WATER,True,1.0,EXACT_NAME_MATCH—MANUAL_CONFIRM,AUTO_ACCEPT_STRICT,Full legal-entity name appears in the AAER title with an immediate corporate suffix.
1,LIKELY COMPANY MATCH,,1604643,EVOQUA WATER TECHNOLOGIES CORP.,2024,100,15-Mar-24,AAER-4493,"Evoqua Water Technologies Corp. and Imran Parekh Release No. LR-25950, AAER-4493 See Also: Final Judgment - Evoqua Water Technologies , Final Judgment - Imran Parekh , Partial Judgment - Imran Parekh",https://www.sec.gov/enforcement-litigation/litigation-releases/lr-25950 | https://www.sec.gov/files/litigation/litreleases/2024/judg25950-evoqua.pdf | https://www.sec.gov/files/litigation/litreleases/2024/judg25950-parekh.pdf | https://www.sec.gov/files/litigation/litreleases/2024/partjudg25950-parekh.pdf,SEC AAER index + company-name candidate matching,EVOQUA WATER TECHNOLOGIES,EVOQUA | WATER,True,1.0,EXACT_NAME_MATCH—MANUAL_CONFIRM,AUTO_ACCEPT_STRICT,Full legal-entity name appears in the AAER title with an immediate corporate suffix.
1,LIKELY COMPANY MATCH,,922521,FALCONSTOR SOFTWARE INC,2012,100,28-Jun-12,AAER-3392,"FalconStor Software, Inc. Release No. LR-22405, AAER-3392",https://www.sec.gov/enforcement-litigation/litigation-releases/lr-22405,SEC AAER index + company-name candidate matching,FALCONSTOR SOFTWARE,FALCONSTOR | SOFTWARE,True,1.0,EXACT_NAME_MATCH—MANUAL_CONFIRM,AUTO_ACCEPT_STRICT,Full legal-entity name appears in the AAER title with an immediate corporate suffix.
1,LIKELY COMPANY MATCH,,1635327,FLUTTER ENTERTAINMENT PLC,2023,100,6-Mar-23,AAER-4384,"Flutter Entertainment and plc as successor-in-interest to The Stars Group, Inc. (Corrected) Release No. 34-97044, AAER-4384 See Also: Administrative Summary",https://www.sec.gov/files/litigation/admin/2023/34-97044.pdf | http://www.sec.gov/enforce/34-97044-s,SEC AAER index + company-name candidate matching,FLUTTER ENTERTAINMENT,FLUTTER | ENTERTAINMENT,True,1.0,EXACT_NAME_MATCH—MANUAL_CONFIRM,MANUAL_REVIEW_COMPLETED,Reviewer decision merged from aaer_manual_review_only.csv.
1,LIKELY COMPANY MATCH,,1382231,FORTEM RESOURCES INC.,2021,100,29-Apr-21,AAER-4212,"Fortem Resources, Inc. Release No. 34-91715, AAER-4212",https://www.sec.gov/files/litigation/admin/2021/34-91715.pdf,SEC AAER index + company-name candidate matching,FORTEM RESOURCES,FORTEM,True,1.0,EXACT_NAME_MATCH—MANUAL_CONFIRM,AUTO_ACCEPT_STRICT,Full legal-entity name appears in the AAER title with an immediate corporate suffix.
1,LIKELY COMPANY MATCH,,1575828,FRANK'S INTERNATIONAL N.V.,2023,100,26-Apr-23,AAER-4403,"Frank's International N.V. Release No. 34-97381, AAER-4403 See Also: Administrative Summary",https://www.sec.gov/enforcement-litigation/administrative-proceedings/34-97381 | https://www.sec.gov/enforce/34-97381-s,SEC AAER index + company-name candidate matching,FRANK S INTERNATIONAL N V,FRANK,True,1.0,EXACT_NAME_MATCH—MANUAL_CONFIRM,AUTO_ACCEPT_STRICT,Full legal-entity name appears in the AAER title with an immediate corporate suffix.
1,LIKELY COMPANY MATCH,,1066923,FUTURE FINTECH GROUP INC.,2023,100,3-Jul-23,AAER-4425,"Future FinTech Group Inc., Release No. 33-11206, 34-97829, AAER-4425 See Also: Administrative Summary",https://www.sec.gov/files/litigation/admin/2023/33-11206.pdf | https://www.sec.gov/enforce/33-11206-s,SEC AAER index + company-name candidate matching,FUTURE FINTECH GROUP,FUTURE | FINTECH,True,1.0,EXACT_NAME_MATCH—MANUAL_CONFIRM,AUTO_ACCEPT_STRICT,Full legal-entity name appears in the AAER title with an immediate corporate suffix.
1,LIKELY COMPANY MATCH,,1390478,"GALENA BIOPHARMA, INC.",2017,100,10-Apr-17,AAER-3865,"Galena Biopharma, Inc. and Mark J. Ahn Release No. 33-10337, 34-80407, AAER-3865",https://www.sec.gov/files/litigation/admin/2017/33-10337.pdf,SEC AAER index + company-name candidate matching,GALENA BIOPHARMA,GALENA | BIOPHARMA,True,1.0,EXACT_NAME_MATCH—MANUAL_CONFIRM,AUTO_ACCEPT_STRICT,Full legal-entity name appears in the AAER title with an immediate corporate suffix.
1,LIKELY COMPANY MATCH,,749251,GARTNER INC,2023,100,26-May-23,AAER-4411,"Gartner, Inc. Release No. 34-97609, AAER-4411 See Also: Administrative Summary",https://www.sec.gov/files/litigation/admin/2023/34-97609.pdf | https://www.sec.gov/enforce/34-97609-s,SEC AAER index + company-name candidate matching,GARTNER,GARTNER,True,1.0,EXACT_NAME_MATCH—MANUAL_CONFIRM,AUTO_ACCEPT_STRICT,Full legal-entity name appears in the AAER title with an immediate corporate suffix.
1,LIKELY COMPANY MATCH,,40545,GENERAL ELECTRIC CO,2010,100,27-Jul-10,AAER-3159,"General Electric Company; Ionics, Inc.; and Amersham  plc Release No. LR-21602, AAER-3159 See Also: SEC Complaint",https://www.sec.gov/enforcement-litigation/litigation-releases/lr-21602 | https://www.sec.gov/files/litigation/complaints/2010/comp21602.pdf,SEC AAER index + company-name candidate matching,GENERAL ELECTRIC,GENERAL | ELECTRIC,True,1.0,EXACT_NAME_MATCH—MANUAL_CONFIRM,AUTO_ACCEPT_STRICT,Full legal-entity name appears in the AAER title with an immediate corporate suffix.
0,LIKELY COMPANY MATCH,,1705445,GOLD STANDARD MINING CO,2012,100,3-Jul-12,AAER-3401,"Gold Standard Mining Corp. Release No. LR-22408, AAER-3401 See Also: SEC Complaint",https://www.sec.gov/enforcement-litigation/litigation-releases/lr-22408 | https://www.sec.gov/files/litigation/complaints/2012/comp22408.pdf,SEC AAER index + company-name candidate matching,GOLD STANDARD MINING,GOLD | STANDARD | MINING,True,1.0,EXACT_NAME_MATCH—MANUAL_CONFIRM,MANUAL_REVIEW_COMPLETED,Reviewer decision merged from aaer_manual_review_only.csv.
1,LIKELY COMPANY MATCH,,1444403,GOLD STANDARD MINING CORP.,2012,100,3-Jul-12,AAER-3401,"Gold Standard Mining Corp. Release No. LR-22408, AAER-3401 See Also: SEC Complaint",https://www.sec.gov/enforcement-litigation/litigation-releases/lr-22408 | https://www.sec.gov/files/litigation/complaints/2012/comp22408.pdf,SEC AAER index + company-name candidate matching,GOLD STANDARD MINING,GOLD | STANDARD | MINING,True,1.0,EXACT_NAME_MATCH—MANUAL_CONFIRM,MANUAL_REVIEW_COMPLETED,Reviewer decision merged from aaer_manual_review_only.csv.
0,LIKELY COMPANY MATCH,,716314,GRAHAM CORP,2009,100,1-Jul-09,AAER-3004,"Robert D. Graham, Esq. Release No. 34-60219, AAER-3004",https://www.sec.gov/files/litigation/admin/2009/34-60219.pdf,SEC AAER index + company-name candidate matching,GRAHAM,GRAHAM,True,1.0,EXACT_NAME_MATCH—MANUAL_CONFIRM,AUTO_REJECT_OBVIOUS_MISMATCH,Only a single name token appears without an immediate corporate suffix; likely a person/surname collision.
0,LIKELY COMPANY MATCH,,716314,GRAHAM CORP,2009,100,23-Jul-09,AAER-3018,"Joel M. Arnold, Grant P. Graham, John M. Walker, and Richard L. Weston Release No. LR-21148, AAER-3018",https://www.sec.gov/enforcement-litigation/litigation-releases/lr-21148,SEC AAER index + company-name candidate matching,GRAHAM,GRAHAM,True,1.0,EXACT_NAME_MATCH—MANUAL_CONFIRM,AUTO_REJECT_OBVIOUS_MISMATCH,Only a single name token appears without an immediate corporate suffix; likely a person/surname collision.
0,LIKELY COMPANY MATCH,,104889,GRAHAM HOLDINGS CO,2009,100,1-Jul-09,AAER-3004,"Robert D. Graham, Esq. Release No. 34-60219, AAER-3004",https://www.sec.gov/files/litigation/admin/2009/34-60219.pdf,SEC AAER index + company-name candidate matching,GRAHAM,GRAHAM,True,1.0,EXACT_NAME_MATCH—MANUAL_CONFIRM,MANUAL_REVIEW_COMPLETED,Reviewer decision merged from aaer_manual_review_only.csv.
0,LIKELY COMPANY MATCH,,104889,GRAHAM HOLDINGS CO,2009,100,23-Jul-09,AAER-3018,"Joel M. Arnold, Grant P. Graham, John M. Walker, and Richard L. Weston Release No. LR-21148, AAER-3018",https://www.sec.gov/enforcement-litigation/litigation-releases/lr-21148,SEC AAER index + company-name candidate matching,GRAHAM,GRAHAM,True,1.0,EXACT_NAME_MATCH—MANUAL_CONFIRM,MANUAL_REVIEW_COMPLETED,Reviewer decision merged from aaer_manual_review_only.csv.
1,LIKELY COMPANY MATCH,,1394954,GT ADVANCED TECHNOLOGIES INC.,2019,100,3-May-19,AAER-4045,"GT Advanced Technologies Inc. Release No. 33-10636, 34-85767, AAER-4045",https://www.sec.gov/files/litigation/admin/2019/33-10636.pdf,SEC AAER index + company-name candidate matching,GT ADVANCED TECHNOLOGIES,ADVANCED,True,1.0,EXACT_NAME_MATCH—MANUAL_CONFIRM,AUTO_ACCEPT_STRICT,Full legal-entity name appears in the AAER title with an immediate corporate suffix.
1,LIKELY COMPANY MATCH,,45012,HALLIBURTON CO,2017,100,27-Jul-17,AAER-3884,"Halliburton Company and Jeannot Lorenz Release No. 34-81222, AAER-3884",https://www.sec.gov/files/litigation/admin/2017/34-81222.pdf,SEC AAER index + company-name candidate matching,HALLIBURTON,HALLIBURTON,True,1.0,EXACT_NAME_MATCH—MANUAL_CONFIRM,AUTO_ACCEPT_STRICT,Full legal-entity name appears in the AAER title with an immediate corporate suffix.
1,LIKELY COMPANY MATCH,,46765,HELMERICH & PAYNE INC,2009,100,30-Jul-09,AAER-3026,"Helmerich & Payne, Inc. Release No. 34-60400, AAER-3026",https://www.sec.gov/files/litigation/admin/2009/34-60400.pdf,SEC AAER index + company-name candidate matching,HELMERICH AND PAYNE,HELMERICH | PAYNE,True,1.0,EXACT_NAME_MATCH—MANUAL_CONFIRM,AUTO_ACCEPT_STRICT,Full legal-entity name appears in the AAER title with an immediate corporate suffix.
1,LIKELY COMPANY MATCH,,1680873,HF FOODS GROUP INC.,2024,100,6-Jun-24,AAER-4506,"HF Foods Group Inc. Release No. 33-11289, 34-100288, AAER-4506 See Also: Administrative Summary",https://www.sec.gov/files/litigation/admin/2024/33-11289.pdf | https://www.sec.gov/enforce/ap-summary/33-11289-s,SEC AAER index + company-name candidate matching,HF FOODS GROUP,FOODS,True,1.0,EXACT_NAME_MATCH—MANUAL_CONFIRM,AUTO_ACCEPT_STRICT,Full legal-entity name appears in the AAER title with an immediate corporate suffix.
1,LIKELY COMPANY MATCH,,1304730,HQDA ELDERLY LIFE NETWORK CORP.,2021,100,29-Apr-21,AAER-4219,"HQDA Elderly Life Network, Inc. (Corrected) Release No. 34-91723, AAER-4219",https://www.sec.gov/files/litigation/admin/2021/34-91723.pdf,SEC AAER index + company-name candidate matching,HQDA ELDERLY LIFE NETWORK,HQDA | ELDERLY | LIFE | NETWORK,True,1.0,EXACT_NAME_MATCH—MANUAL_CONFIRM,AUTO_ACCEPT_STRICT,Full legal-entity name appears in the AAER title with an immediate corporate suffix.
1,LIKELY COMPANY MATCH,,1289848,HURON CONSULTING GROUP INC.,2012,100,19-Jul-12,AAER-3394,"Huron Consulting Group Inc., Gary L. Burge, CPA, and Wayne F. Lipski, CPA Release No. 34-67472, AAER-3394",https://www.sec.gov/files/litigation/admin/2012/34-67472.pdf,SEC AAER index + company-name candidate matching,HURON CONSULTING GROUP,HURON | CONSULTING,True,1.0,EXACT_NAME_MATCH—MANUAL_CONFIRM,AUTO_ACCEPT_STRICT,Full legal-entity name appears in the AAER title with an immediate corporate suffix.
1,LIKELY COMPANY MATCH,,49728,IEC ELECTRONICS CORP,2016,100,8-Jun-16,AAER-3782,"IEC Electronics Corp., Ronald J. Years, CPA and Donald S. Doody Release No. 34-78017, AAER-3782",https://www.sec.gov/files/litigation/admin/2016/34-78017.pdf,SEC AAER index + company-name candidate matching,IEC ELECTRONICS,IEC | ELECTRONICS,True,1.0,EXACT_NAME_MATCH—MANUAL_CONFIRM,AUTO_ACCEPT_STRICT,Full legal-entity name appears in the AAER title with an immediate corporate suffix.
1,LIKELY COMPANY MATCH,,1393540,IGEN NETWORKS CORP,2021,100,29-Apr-21,AAER-4216,"Igen Networks Corp. Release No. 34-91719, AAER-4216",https://www.sec.gov/files/litigation/admin/2021/34-91719.pdf,SEC AAER index + company-name candidate matching,IGEN NETWORKS,IGEN | NETWORKS,True,1.0,EXACT_NAME_MATCH—MANUAL_CONFIRM,AUTO_ACCEPT_STRICT,Full legal-entity name appears in the AAER title with an immediate corporate suffix.
0,LIKELY COMPANY MATCH,,1897762,INGRAM MICRO HOLDING CORP,2009,100,12-May-09,AAER-2968,"Ingram Micro Inc. Release No. 34-59903, AAER-2968",https://www.sec.gov/files/litigation/admin/2009/34-59903.pdf,SEC AAER index + company-name candidate matching,INGRAM MICRO,INGRAM | MICRO,True,1.0,EXACT_NAME_MATCH—MANUAL_CONFIRM,MANUAL_REVIEW_COMPLETED,Reviewer decision merged from aaer_manual_review_only.csv.
1,LIKELY COMPANY MATCH,,1018003,INGRAM MICRO INC,2009,100,12-May-09,AAER-2968,"Ingram Micro Inc. Release No. 34-59903, AAER-2968",https://www.sec.gov/files/litigation/admin/2009/34-59903.pdf,SEC AAER index + company-name candidate matching,INGRAM MICRO,INGRAM | MICRO,True,1.0,EXACT_NAME_MATCH—MANUAL_CONFIRM,AUTO_ACCEPT_STRICT,Full legal-entity name appears in the AAER title with an immediate corporate suffix.
1,LIKELY COMPANY MATCH,,51143,INTERNATIONAL BUSINESS MACHINES CORP,2011,100,18-Mar-11,AAER-3254,"International Business Machines Corporation Release No. LR-21889, AAER-3254 See Also: SEC Complaint",https://www.sec.gov/enforcement-litigation/litigation-releases/lr-21889 | https://www.sec.gov/files/litigation/complaints/2011/comp21889.pdf,SEC AAER index + company-name candidate matching,INTERNATIONAL BUSINESS MACHINES,BUSINESS | MACHINES,True,1.0,EXACT_NAME_MATCH—MANUAL_CONFIRM,AUTO_ACCEPT_STRICT,Full legal-entity name appears in the AAER title with an immediate corporate suffix.
1,LIKELY COMPANY MATCH,,913760,INTL FCSTONE INC.,2016,100,12-Apr-16,AAER-3764,"INTL FCStone Inc. Release No. 34-77596, AAER-3764",https://www.sec.gov/files/litigation/admin/2016/34-77596.pdf,SEC AAER index + company-name candidate matching,INTL FCSTONE,INTL | FCSTONE,True,1.0,EXACT_NAME_MATCH—MANUAL_CONFIRM,AUTO_ACCEPT_STRICT,Full legal-entity name appears in the AAER title with an immediate corporate suffix.
1,LIKELY COMPANY MATCH,,200406,JOHNSON & JOHNSON,2011,100,8-Apr-11,AAER-3261,"Johnson & Johnson Release No. LR-21922, AAER-3261 See Also: SEC Complaint",https://www.sec.gov/enforcement-litigation/litigation-releases/lr-21922 | https://www.sec.gov/files/litigation/complaints/2011/comp21922.pdf,SEC AAER index + company-name candidate matching,JOHNSON AND JOHNSON,JOHNSON | JOHNSON,True,1.0,EXACT_NAME_MATCH—MANUAL_CONFIRM,AUTO_ACCEPT_STRICT,Full legal-entity name appears in the AAER title with an immediate corporate suffix.
1,LIKELY COMPANY MATCH,,719733,KEY TRONIC CORP,2026,100,20-Apr-26,AAER-4591,"Key Tronic Corporation, Brett R. Larsen, CPA, and Nicholas S. Fasciana Release No. 34-105275, AAER-4591 See Also: Administrative Summary",https://www.sec.gov/files/litigation/admin/2026/34-105275.pdf | https://www.sec.gov/enforcement-litigation/administrative-proceedings/34-105275-s,SEC AAER index + company-name candidate matching,KEY TRONIC,KEY | TRONIC,True,1.0,EXACT_NAME_MATCH—MANUAL_CONFIRM,AUTO_ACCEPT_STRICT,Full legal-entity name appears in the AAER title with an immediate corporate suffix.
1,LIKELY COMPANY MATCH,,1100270,KRISPY KREME DOUGHNUTS INC,2009,100,4-Mar-09,AAER-2941,"Krispy Kreme Doughnuts, Inc. Release No. 34-59499, AAER-2941",https://www.sec.gov/files/litigation/admin/2009/34-59499.pdf,SEC AAER index + company-name candidate matching,KRISPY KREME DOUGHNUTS,KRISPY | KREME | DOUGHNUTS,True,1.0,EXACT_NAME_MATCH—MANUAL_CONFIRM,AUTO_ACCEPT_STRICT,Full legal-entity name appears in the AAER title with an immediate corporate suffix.
0,LIKELY COMPANY MATCH,,1857154,"KRISPY KREME, INC.",2009,100,4-Mar-09,AAER-2941,"Krispy Kreme Doughnuts, Inc. Release No. 34-59499, AAER-2941",https://www.sec.gov/files/litigation/admin/2009/34-59499.pdf,SEC AAER index + company-name candidate matching,KRISPY KREME,KRISPY | KREME,True,1.0,EXACT_NAME_MATCH—MANUAL_CONFIRM,MANUAL_REVIEW_COMPLETED,Reviewer decision merged from aaer_manual_review_only.csv.
1,LIKELY COMPANY MATCH,,1137083,"L & L ENERGY, INC.",2014,100,27-Mar-14,AAER-3545,"L&L Energy, Inc. Lee, Dickson, CPA Release No. 33-9565, 34-71823, AAER-3545",https://www.sec.gov/files/litigation/admin/2014/33-9565.pdf,SEC AAER index + company-name candidate matching,L AND L ENERGY,,True,0.0,EXACT_NAME_MATCH—MANUAL_CONFIRM,AUTO_ACCEPT_STRICT,Full legal-entity name appears in the AAER title with an immediate corporate suffix.
1,LIKELY COMPANY MATCH,,1137083,"L & L ENERGY, INC.",2015,100,1-Jun-15,AAER-3659,"L&L Energy, Inc. Lee, Dickson, CPA Release No. 33-9799, 34-75088, AAER-3659",https://www.sec.gov/files/litigation/admin/2015/33-9799.pdf,SEC AAER index + company-name candidate matching,L AND L ENERGY,,True,0.0,EXACT_NAME_MATCH—MANUAL_CONFIRM,AUTO_ACCEPT_STRICT,Full legal-entity name appears in the AAER title with an immediate corporate suffix.
1,LIKELY COMPANY MATCH,,1032975,LOGITECH INTERNATIONAL S.A.,2016,100,19-Apr-16,AAER-3765,"Logitech International, S.A., Michael Doktorczyk and Sherralyn Bolles, CPA Release No. 34-77644, AAER-3765",https://www.sec.gov/files/litigation/admin/2016/34-77644.pdf,SEC AAER index + company-name candidate matching,LOGITECH INTERNATIONAL S A,LOGITECH,True,1.0,EXACT_NAME_MATCH—MANUAL_CONFIRM,AUTO_ACCEPT_STRICT,Full legal-entity name appears in the AAER title with an immediate corporate suffix.
1,LIKELY COMPANY MATCH,,60714,LSB INDUSTRIES INC,2009,100,17-Jul-09,AAER-3015,"LSB Industries, Inc. and Jimmie Dean Jones, CPA Release No. 34-60336, AAER-3015",https://www.sec.gov/files/litigation/admin/2009/34-60336.pdf,SEC AAER index + company-name candidate matching,LSB INDUSTRIES,LSB,True,1.0,EXACT_NAME_MATCH—MANUAL_CONFIRM,AUTO_ACCEPT_STRICT,Full legal-entity name appears in the AAER title with an immediate corporate suffix.
0,LIKELY COMPANY MATCH,,1778343,"LUCENT, INC.",2010,100,9-Jun-10,AAER-3142,"Lucent Technologies, Inc., et al. Release No. LR-21551, AAER-3142",https://www.sec.gov/enforcement-litigation/litigation-releases/lr-21551,SEC AAER index + company-name candidate matching,LUCENT,LUCENT,True,1.0,EXACT_NAME_MATCH—MANUAL_CONFIRM,AUTO_REJECT_OBVIOUS_MISMATCH,Only a single name token appears without an immediate corporate suffix; likely a person/surname collision.
1,LIKELY COMPANY MATCH,,1325702,MAGNACHIP SEMICONDUCTOR CORP,2017,100,1-May-17,AAER-3869,"MagnaChip Semiconductor Corporation and Margaret Hye-Ryoung Sakai, CPA Release No. 33-10352, 34-80564, AAER-3869",https://www.sec.gov/files/litigation/admin/2017/33-10352.pdf,SEC AAER index + company-name candidate matching,MAGNACHIP SEMICONDUCTOR,MAGNACHIP | SEMICONDUCTOR,True,1.0,EXACT_NAME_MATCH—MANUAL_CONFIRM,AUTO_ACCEPT_STRICT,Full legal-entity name appears in the AAER title with an immediate corporate suffix.
1,LIKELY COMPANY MATCH,,1335190,MAGNUM HUNTER RESOURCES CORP,2016,100,10-Mar-16,AAER-3756,"Magnum Hunter Resources Corporation Release No. 34-77345, AAER-3756",https://www.sec.gov/files/litigation/admin/2016/34-77345.pdf,SEC AAER index + company-name candidate matching,MAGNUM HUNTER RESOURCES,MAGNUM | HUNTER,True,1.0,EXACT_NAME_MATCH—MANUAL_CONFIRM,AUTO_ACCEPT_STRICT,Full legal-entity name appears in the AAER title with an immediate corporate suffix.
1,LIKELY COMPANY MATCH,,319815,MAXWELL TECHNOLOGIES INC,2018,100,27-Mar-18,AAER-3932,"Maxwell Technologies, Inc., et al. Release No. 33-10472, 34-82950, AAER-3932",https://www.sec.gov/files/litigation/admin/2018/33-10472.pdf,SEC AAER index + company-name candidate matching,MAXWELL TECHNOLOGIES,MAXWELL,True,1.0,EXACT_NAME_MATCH—MANUAL_CONFIRM,AUTO_ACCEPT_STRICT,Full legal-entity name appears in the AAER title with an immediate corporate suffix.
1,LIKELY COMPANY MATCH,,1522704,"MEDIFIRST SOLUTIONS, INC.",2018,100,19-Apr-18,AAER-3935,"Medifirst Solutions, Inc. and Bruce J. Schoengood Release No. 34-83067, AAER-3935 See Also: Administrative Summary",https://www.sec.gov/files/litigation/admin/2018/34-83067.pdf | https://www.sec.gov/enforce/34-83067-s,SEC AAER index + company-name candidate matching,MEDIFIRST SOLUTIONS,MEDIFIRST | SOLUTIONS,True,1.0,EXACT_NAME_MATCH—MANUAL_CONFIRM,AUTO_ACCEPT_STRICT,Full legal-entity name appears in the AAER title with an immediate corporate suffix.
0,LIKELY COMPANY MATCH,,1441567,MEDQUIST HOLDINGS INC.,2009,100,12-Mar-09,AAER-3022; AAER-3022,"MedQuist Inc.; John A. Donohoe; and Brian J. Kearns and Bruce J. Van Fossen Release No. LR-20949A, AAER-3022A, AAER-3022 See Also: SEC Complaint v. MedQuist Inc. , Jr. , SEC Complaint v. Brian J. Kearns and Bruce J. Van Fossen",https://www.sec.gov/enforcement-litigation/litigation-releases/lr-20949a | https://www.sec.gov/files/litigation/complaints/2009/comp20949-medquist.pdf | https://www.sec.gov/files/litigation/complaints/2009/comp20949-donohoe.pdf | https://www.sec.gov/files/litigation/complaints/2009/comp20949-kearns.pdf,SEC AAER index + company-name candidate matching,MEDQUIST,MEDQUIST,True,1.0,EXACT_NAME_MATCH—MANUAL_CONFIRM,MANUAL_REVIEW_COMPLETED,Reviewer decision merged from aaer_manual_review_only.csv.
1,LIKELY COMPANY MATCH,,884497,MEDQUIST INC,2009,100,12-Mar-09,AAER-3022; AAER-3022,"MedQuist Inc.; John A. Donohoe; and Brian J. Kearns and Bruce J. Van Fossen Release No. LR-20949A, AAER-3022A, AAER-3022 See Also: SEC Complaint v. MedQuist Inc. , Jr. , SEC Complaint v. Brian J. Kearns and Bruce J. Van Fossen",https://www.sec.gov/enforcement-litigation/litigation-releases/lr-20949a | https://www.sec.gov/files/litigation/complaints/2009/comp20949-medquist.pdf | https://www.sec.gov/files/litigation/complaints/2009/comp20949-donohoe.pdf | https://www.sec.gov/files/litigation/complaints/2009/comp20949-kearns.pdf,SEC AAER index + company-name candidate matching,MEDQUIST,MEDQUIST,True,1.0,EXACT_NAME_MATCH—MANUAL_CONFIRM,AUTO_ACCEPT_STRICT,Full legal-entity name appears in the AAER title with an immediate corporate suffix.
1,LIKELY COMPANY MATCH,,9263,MICHAEL BAKER CORP,2011,100,11-May-11,AAER-3279,"Michael Baker Corporation, John Scullin and Dennis Higgins Release No. LR-21962, AAER-3279 See Also: SEC Complaint",https://www.sec.gov/enforcement-litigation/litigation-releases/lr-21962 | https://www.sec.gov/files/litigation/complaints/2011/comp21962.pdf,SEC AAER index + company-name candidate matching,MICHAEL BAKER,MICHAEL | BAKER,True,1.0,EXACT_NAME_MATCH—MANUAL_CONFIRM,AUTO_ACCEPT_STRICT,Full legal-entity name appears in the AAER title with an immediate corporate suffix.
1,LIKELY COMPANY MATCH,,785968,"MILLER ENERGY RESOURCES, INC.",2016,100,7-Jun-16,AAER-3778,"Miller Energy Resources, Inc. Boyd, Paul W., CPA Hall, David M. Vogt, Carlton W., III, CPA Release No. 33-10089, 34-78007, AAER-3778",https://www.sec.gov/files/litigation/admin/2016/33-10089.pdf,SEC AAER index + company-name candidate matching,MILLER ENERGY RESOURCES,MILLER,True,1.0,EXACT_NAME_MATCH—MANUAL_CONFIRM,AUTO_ACCEPT_STRICT,Full legal-entity name appears in the AAER title with an immediate corporate suffix.
1,LIKELY COMPANY MATCH,,785968,"MILLER ENERGY RESOURCES, INC.",2016,100,7-Jun-16,AAER-3779,"Miller Energy Resources, Inc. Boyd, Paul W., CPA Hall, David M. Vogt, Carlton W., III, CPA Release No. 33-10090, 34-78008, AAER-3779",https://www.sec.gov/files/litigation/admin/2016/33-10090.pdf,SEC AAER index + company-name candidate matching,MILLER ENERGY RESOURCES,MILLER,True,1.0,EXACT_NAME_MATCH—MANUAL_CONFIRM,AUTO_ACCEPT_STRICT,Full legal-entity name appears in the AAER title with an immediate corporate suffix.
1,LIKELY COMPANY MATCH,,785968,"MILLER ENERGY RESOURCES, INC.",2016,100,7-Jun-16,AAER-3780,"Miller Energy Resources, Inc. Boyd, Paul W., CPA Hall, David M. Vogt, Carlton W., III, CPA Release No. 33-10091, 34-78009, AAER-3780",https://www.sec.gov/files/litigation/admin/2016/33-10091.pdf,SEC AAER index + company-name candidate matching,MILLER ENERGY RESOURCES,MILLER,True,1.0,EXACT_NAME_MATCH—MANUAL_CONFIRM,AUTO_ACCEPT_STRICT,Full legal-entity name appears in the AAER title with an immediate corporate suffix.
1,LIKELY COMPANY MATCH,,914712,MODUSLINK GLOBAL SOLUTIONS INC,2016,100,15-Mar-16,AAER-3758,"ModusLink Global  Solutions, et al. Release No. 33-10055, 34-77372, AAER-3758 See Also: Administrative Summary",https://www.sec.gov/files/litigation/admin/2016/33-10055.pdf | https://www.sec.gov/files/litigation/admin/2016/33-10055-s.pdf,SEC AAER index + company-name candidate matching,MODUSLINK GLOBAL SOLUTIONS,MODUSLINK | SOLUTIONS,True,1.0,EXACT_NAME_MATCH—MANUAL_CONFIRM,MANUAL_REVIEW_COMPLETED,Reviewer decision merged from aaer_manual_review_only.csv.
1,LIKELY COMPANY MATCH,,1020416,MONSTER WORLDWIDE INC,2009,100,18-May-09,AAER-2970,"Monster Worldwide, Inc. Release No. LR-21042, AAER-2970 See Also: SEC Complaint",https://www.sec.gov/enforcement-litigation/litigation-releases/lr-21042 | https://www.sec.gov/files/litigation/complaints/2009/comp21042.pdf,SEC AAER index + company-name candidate matching,MONSTER WORLDWIDE,MONSTER | WORLDWIDE,True,1.0,EXACT_NAME_MATCH—MANUAL_CONFIRM,AUTO_ACCEPT_STRICT,Full legal-entity name appears in the AAER title with an immediate corporate suffix.
0,LIKELY COMPANY MATCH,,741508,"NV ENERGY, INC.",2011,100,8-Apr-11,AAER-3268,"Kentucky Energy, Inc., Eugene Chiaramonte, III and Clear Mountain Associates, LLC Release No. 34-64288, AAER-3268",https://www.sec.gov/files/litigation/admin/2011/34-64288.pdf,SEC AAER index + company-name candidate matching,ENERGY,,True,0.0,EXACT_NAME_MATCH—MANUAL_CONFIRM,AUTO_REJECT_OBVIOUS_MISMATCH,Candidate name contains only generic/short terms and the full legal entity was not found.
0,LIKELY COMPANY MATCH,,741508,"NV ENERGY, INC.",2012,100,23-Apr-12,AAER-3383,"SinoTech Energy Limited, Qingzeng Liu, Guoqiang Xin, and Boxun Zhang Release No. LR-22341, AAER-3383",https://www.sec.gov/enforcement-litigation/litigation-releases/lr-22341,SEC AAER index + company-name candidate matching,ENERGY,,True,0.0,EXACT_NAME_MATCH—MANUAL_CONFIRM,AUTO_REJECT_OBVIOUS_MISMATCH,Candidate name contains only generic/short terms and the full legal entity was not found.
0,LIKELY COMPANY MATCH,,741508,"NV ENERGY, INC.",2014,100,27-Mar-14,AAER-3545,"L&L Energy, Inc. Lee, Dickson, CPA Release No. 33-9565, 34-71823, AAER-3545",https://www.sec.gov/files/litigation/admin/2014/33-9565.pdf,SEC AAER index + company-name candidate matching,ENERGY,,True,0.0,EXACT_NAME_MATCH—MANUAL_CONFIRM,AUTO_REJECT_OBVIOUS_MISMATCH,Candidate name contains only generic/short terms and the full legal entity was not found.
0,LIKELY COMPANY MATCH,,741508,"NV ENERGY, INC.",2015,100,1-Jun-15,AAER-3659,"L&L Energy, Inc. Lee, Dickson, CPA Release No. 33-9799, 34-75088, AAER-3659",https://www.sec.gov/files/litigation/admin/2015/33-9799.pdf,SEC AAER index + company-name candidate matching,ENERGY,,True,0.0,EXACT_NAME_MATCH—MANUAL_CONFIRM,AUTO_REJECT_OBVIOUS_MISMATCH,Candidate name contains only generic/short terms and the full legal entity was not found.
0,LIKELY COMPANY MATCH,,741508,"NV ENERGY, INC.",2016,100,7-Jun-16,AAER-3778,"Miller Energy Resources, Inc. Boyd, Paul W., CPA Hall, David M. Vogt, Carlton W., III, CPA Release No. 33-10089, 34-78007, AAER-3778",https://www.sec.gov/files/litigation/admin/2016/33-10089.pdf,SEC AAER index + company-name candidate matching,ENERGY,,True,0.0,EXACT_NAME_MATCH—MANUAL_CONFIRM,AUTO_REJECT_OBVIOUS_MISMATCH,Candidate name contains only generic/short terms and the full legal entity was not found.
0,LIKELY COMPANY MATCH,,741508,"NV ENERGY, INC.",2016,100,7-Jun-16,AAER-3779,"Miller Energy Resources, Inc. Boyd, Paul W., CPA Hall, David M. Vogt, Carlton W., III, CPA Release No. 33-10090, 34-78008, AAER-3779",https://www.sec.gov/files/litigation/admin/2016/33-10090.pdf,SEC AAER index + company-name candidate matching,ENERGY,,True,0.0,EXACT_NAME_MATCH—MANUAL_CONFIRM,AUTO_REJECT_OBVIOUS_MISMATCH,Candidate name contains only generic/short terms and the full legal entity was not found.
0,LIKELY COMPANY MATCH,,741508,"NV ENERGY, INC.",2016,100,7-Jun-16,AAER-3780,"Miller Energy Resources, Inc. Boyd, Paul W., CPA Hall, David M. Vogt, Carlton W., III, CPA Release No. 33-10091, 34-78009, AAER-3780",https://www.sec.gov/files/litigation/admin/2016/33-10091.pdf,SEC AAER index + company-name candidate matching,ENERGY,,True,0.0,EXACT_NAME_MATCH—MANUAL_CONFIRM,AUTO_REJECT_OBVIOUS_MISMATCH,Candidate name contains only generic/short terms and the full legal entity was not found.
0,LIKELY COMPANY MATCH,,741508,"NV ENERGY, INC.",2020,100,28-Apr-20,AAER-4133,"Penn West Petroleum Ltd., d/b/a Obsidian Energy Ltd., Todd H. Takeyasu, Jeffery A. Curran, and Waldemar Grab Release No. LR-24809, AAER-4133 See Also: SEC Complaint",https://www.sec.gov/enforcement-litigation/litigation-releases/lr-24809 | https://www.sec.gov/files/litigation/complaints/2020/comp24809.pdf,SEC AAER index + company-name candidate matching,ENERGY,,True,0.0,EXACT_NAME_MATCH—MANUAL_CONFIRM,AUTO_REJECT_OBVIOUS_MISMATCH,Candidate name contains only generic/short terms and the full legal entity was not found.
1,LIKELY COMPANY MATCH,,75362,PACCAR INC,2013,100,3-Jun-13,AAER-3462,"PACCAR Inc, et al. Release No. LR-22711, AAER-3462 See Also: SEC Complaint",https://www.sec.gov/enforcement-litigation/litigation-releases/lr-22711 | https://www.sec.gov/files/litigation/complaints/2013/comp-pr2013-99.pdf,SEC AAER index + company-name candidate matching,PACCAR,PACCAR,True,1.0,EXACT_NAME_MATCH—MANUAL_CONFIRM,AUTO_ACCEPT_STRICT,Full legal-entity name appears in the AAER title with an immediate corporate suffix.
1,LIKELY COMPANY MATCH,,893949,"PEDIATRIX MEDICAL GROUP, INC.",2009,100,5-Mar-09,AAER-2943,"Pediatrix Medical Group, Inc. Release No. LR-20927, AAER-2943 See Also: SEC Complaint",https://www.sec.gov/enforcement-litigation/litigation-releases/lr-20927 | https://www.sec.gov/files/litigation/complaints/2009/comp20927.pdf,SEC AAER index + company-name candidate matching,PEDIATRIX MEDICAL GROUP,PEDIATRIX | MEDICAL,True,1.0,EXACT_NAME_MATCH—MANUAL_CONFIRM,AUTO_ACCEPT_STRICT,Full legal-entity name appears in the AAER title with an immediate corporate suffix.
0,LIKELY COMPANY MATCH,,879682,PLC SYSTEMS INC,2010,100,3-Mar-10,AAER-3117,"Verint Systems Inc. Release No. LR-21428, AAER-3117 See Also: SEC Complaint against Verint , Administrative Proceedings Release",https://www.sec.gov/enforcement-litigation/litigation-releases/lr-21428 | https://www.sec.gov/files/litigation/complaints/2010/comp21428.pdf | https://www.sec.gov/files/litigation/admin/2010/34-61635.pdf,SEC AAER index + company-name candidate matching,SYSTEMS,,True,0.0,EXACT_NAME_MATCH—MANUAL_CONFIRM,AUTO_REJECT_OBVIOUS_MISMATCH,No distinctive company-name token appears in the AAER title.
0,LIKELY COMPANY MATCH,,879682,PLC SYSTEMS INC,2010,100,3-Mar-10,AAER-3117,"Verint Systems Inc. Release No. 34-61635, AAER-3117",https://www.sec.gov/files/litigation/admin/2010/34-61635.pdf,SEC AAER index + company-name candidate matching,SYSTEMS,,True,0.0,EXACT_NAME_MATCH—MANUAL_CONFIRM,AUTO_REJECT_OBVIOUS_MISMATCH,No distinctive company-name token appears in the AAER title.
0,LIKELY COMPANY MATCH,,879682,PLC SYSTEMS INC,2010,100,5-May-10,AAER-3131,"Spongetech Delivery Systems, Inc., RM Enterprises International, Inc., Steven Y. Moskowitz, Michael E. Metter, George Speranza, Joel Pensley and Jack Halperin Release No. LR-21515, AAER-3131 See Also: SEC Complaint",https://www.sec.gov/enforcement-litigation/litigation-releases/lr-21515 | https://www.sec.gov/files/litigation/complaints/2010/comp21515.pdf,SEC AAER index + company-name candidate matching,SYSTEMS,,True,0.0,EXACT_NAME_MATCH—MANUAL_CONFIRM,AUTO_REJECT_OBVIOUS_MISMATCH,No distinctive company-name token appears in the AAER title.
0,LIKELY COMPANY MATCH,,879682,PLC SYSTEMS INC,2018,100,10-Jul-18,AAER-3949,"Advanced Drainage Systems, Inc. and Mark B. Sturgeon, CPA Release No. 33-10517, 34-83612, AAER-3949 See Also: Administrative Summary",https://www.sec.gov/files/litigation/admin/2018/33-10517.pdf | https://www.sec.gov/enforce/33-10517-s,SEC AAER index + company-name candidate matching,SYSTEMS,,True,0.0,EXACT_NAME_MATCH—MANUAL_CONFIRM,AUTO_REJECT_OBVIOUS_MISMATCH,No distinctive company-name token appears in the AAER title.
1,LIKELY COMPANY MATCH,,1010552,POLYCOM INC,2015,100,31-Mar-15,AAER-3645,"Polycom, Inc. Release No. 34-74613, AAER-3645",https://www.sec.gov/files/litigation/admin/2015/34-74613.pdf,SEC AAER index + company-name candidate matching,POLYCOM,POLYCOM,True,1.0,EXACT_NAME_MATCH—MANUAL_CONFIRM,AUTO_ACCEPT_STRICT,Full legal-entity name appears in the AAER title with an immediate corporate suffix.
0,LIKELY COMPANY MATCH,,1630856,PROFESSIONAL HOLDING CORP.,2020,100,24-Apr-20,AAER-4131,"PLS,, CPA a Professional Corporation Pls a/k/a, CPAS Park, Chang G., CPA Park, a/k/a Changgeun Lee, Joseph Yongyun, CPA Lee, a/k/a Yong Yun Lee, Juchi, CPA Fernandez, a/k/a Juchi Lee Lee, Ju-Chi Lee, Ju Chi Lee, Sue Release No. 34-88739, AAER-4131 See Also: Administrative Summary",https://www.sec.gov/files/litigation/admin/2020/34-88739.pdf | https://www.sec.gov/enforce/34-88739-s,SEC AAER index + company-name candidate matching,PROFESSIONAL,PROFESSIONAL,True,1.0,EXACT_NAME_MATCH—MANUAL_CONFIRM,AUTO_REJECT_OBVIOUS_MISMATCH,Candidate name contains only generic/short terms and the full legal entity was not found.
0,LIKELY COMPANY MATCH,,1630856,PROFESSIONAL HOLDING CORP.,2021,100,9-Jul-21,AAER-4224,"PLS,, CPA a Professional Corporation Pls a/k/a, CPAS Park, Chang G., CPA Park, a/k/a Changgeun Lee, Joseph Yongyun, CPA Lee, a/k/a Yong Yun Lee, Juchi, CPA Fernandez, a/k/a Juchi Lee Lee, Ju-Chi Lee, Ju Chi Lee, Sue Release No. 34-92361, AAER-4224 See Also: Administrative Summary",https://www.sec.gov/files/litigation/admin/2021/34-92361.pdf | https://www.sec.gov/enforce/34-92361-s,SEC AAER index + company-name candidate matching,PROFESSIONAL,PROFESSIONAL,True,1.0,EXACT_NAME_MATCH—MANUAL_CONFIRM,AUTO_REJECT_OBVIOUS_MISMATCH,Candidate name contains only generic/short terms and the full legal entity was not found.
1,LIKELY COMPANY MATCH,,1088033,QUEST SOFTWARE INC,2009,100,12-Mar-09,AAER-2949,"Quest Software, Inc., Vincent C. Smith, John J. Laskey, and Kevin E. Brooks Release No. LR-20950, AAER-2949 See Also: SEC Complaint",https://www.sec.gov/enforcement-litigation/litigation-releases/lr-20950 | https://www.sec.gov/files/litigation/complaints/2009/comp20950.pdf,SEC AAER index + company-name candidate matching,QUEST SOFTWARE,QUEST | SOFTWARE,True,1.0,EXACT_NAME_MATCH—MANUAL_CONFIRM,AUTO_ACCEPT_STRICT,Full legal-entity name appears in the AAER title with an immediate corporate suffix.
1,LIKELY COMPANY MATCH,,1024478,ROCKWELL AUTOMATION INC,2011,100,3-May-11,AAER-3274,"Rockwell Automation, Inc. Release No. 34-64380, AAER-3274",https://www.sec.gov/files/litigation/admin/2011/34-64380.pdf,SEC AAER index + company-name candidate matching,ROCKWELL AUTOMATION,ROCKWELL | AUTOMATION,True,1.0,EXACT_NAME_MATCH—MANUAL_CONFIRM,AUTO_ACCEPT_STRICT,Full legal-entity name appears in the AAER title with an immediate corporate suffix.
1,LIKELY COMPANY MATCH,,1100778,ROKK3R INC.,2021,100,29-Apr-21,AAER-4217,"Rokk3r, Inc. Release No. 34-91721, AAER-4217",https://www.sec.gov/files/litigation/admin/2021/34-91721.pdf,SEC AAER index + company-name candidate matching,ROKK3R,ROKK3R,True,1.0,EXACT_NAME_MATCH—MANUAL_CONFIRM,AUTO_ACCEPT_STRICT,Full legal-entity name appears in the AAER title with an immediate corporate suffix.
0,LIKELY COMPANY MATCH,,84839,ROLLINS INC,2010,100,22-Jul-10,AAER-3156,"Dell Inc., Michael S. Dell, Kevin B. Rollins, James M. Schneider, Leslie L. Jackson, Nicholas A.R. Dunning Release No. LR-21599, AAER-3156 See Also: SEC Complaint",https://www.sec.gov/enforcement-litigation/litigation-releases/lr-21599 | https://www.sec.gov/files/litigation/complaints/2010/comp21599.pdf,SEC AAER index + company-name candidate matching,ROLLINS,ROLLINS,True,1.0,EXACT_NAME_MATCH—MANUAL_CONFIRM,AUTO_REJECT_OBVIOUS_MISMATCH,Only a single name token appears without an immediate corporate suffix; likely a person/surname collision.
1,LIKELY COMPANY MATCH,,84839,ROLLINS INC,2022,100,18-Apr-22,AAER-4294,"Rollins, Inc. and Paul Edward Northen Release No. 33-11052, 34-94742, AAER-4294",https://www.sec.gov/files/litigation/admin/2022/33-11052.pdf,SEC AAER index + company-name candidate matching,ROLLINS,ROLLINS,True,1.0,EXACT_NAME_MATCH—MANUAL_CONFIRM,AUTO_ACCEPT_STRICT,Full legal-entity name appears in the AAER title with an immediate corporate suffix.
1,LIKELY COMPANY MATCH,,1514732,"SAEXPLORATION HOLDINGS, INC.",2023,100,25-Apr-23,AAER-4402,"SAExploration Holdings, Inc., et al. Release No. LR-25700, AAER-4402 See Also: Final Judgment - Jeffrey A. Hastings , Order - Lori Hastings",https://www.sec.gov/enforcement-litigation/litigation-releases/lr-25700 | https://www.sec.gov/files/litigation/litreleases/2023/judg25700-hastings.pdf | https://www.sec.gov/files/litigation/litreleases/2023/order25700-hastings.pdf,SEC AAER index + company-name candidate matching,SAEXPLORATION,SAEXPLORATION,True,1.0,EXACT_NAME_MATCH—MANUAL_CONFIRM,AUTO_ACCEPT_STRICT,Full legal-entity name appears in the AAER title with an immediate corporate suffix.
1,LIKELY COMPANY MATCH,,1675634,"SHIFTPIXY, INC.",2021,100,29-Apr-21,AAER-4214,"ShiftPixy, Inc. Release No. 34-91717, AAER-4214",https://www.sec.gov/files/litigation/admin/2021/34-91717.pdf,SEC AAER index + company-name candidate matching,SHIFTPIXY,SHIFTPIXY,True,1.0,EXACT_NAME_MATCH—MANUAL_CONFIRM,AUTO_ACCEPT_STRICT,Full legal-entity name appears in the AAER title with an immediate corporate suffix.
1,LIKELY COMPANY MATCH,,1092796,SMITH & WESSON HOLDING CORP,2014,100,28-Jul-14,AAER-3571,"Smith & Wesson Holding Corporation Release No. 34-72678, AAER-3571",https://www.sec.gov/files/litigation/admin/2014/34-72678.pdf,SEC AAER index + company-name candidate matching,SMITH AND WESSON,SMITH | WESSON,True,1.0,EXACT_NAME_MATCH—MANUAL_CONFIRM,AUTO_ACCEPT_STRICT,Full legal-entity name appears in the AAER title with an immediate corporate suffix.
1,LIKELY COMPANY MATCH,,93556,"STANLEY BLACK & DECKER, INC.",2023,100,20-Jun-23,AAER-4422,"Stanley Black & Decker, Inc. Release No. 34-97761, AAER-4422",https://www.sec.gov/files/litigation/admin/2023/34-97761.pdf,SEC AAER index + company-name candidate matching,STANLEY BLACK AND DECKER,STANLEY | BLACK | DECKER,True,1.0,EXACT_NAME_MATCH—MANUAL_CONFIRM,AUTO_ACCEPT_STRICT,Full legal-entity name appears in the AAER title with an immediate corporate suffix.
1,LIKELY COMPANY MATCH,,1277998,"STRATUM HOLDINGS, INC.",2009,100,14-Apr-09,AAER-2963,"Stratum Holdings, Inc. Release No. 34-59767, AAER-2963",https://www.sec.gov/files/litigation/admin/2009/34-59767.pdf,SEC AAER index + company-name candidate matching,STRATUM,STRATUM,True,1.0,EXACT_NAME_MATCH—MANUAL_CONFIRM,AUTO_ACCEPT_STRICT,Full legal-entity name appears in the AAER title with an immediate corporate suffix.
0,LIKELY COMPANY MATCH,,1394130,SUNRISE HOLDINGS LTD,2010,100,23-Jul-10,AAER-3157,"Sunrise Senior Living, Inc., et al. Release No. LR-21600, AAER-3157 See Also: SEC Complaint",https://www.sec.gov/enforcement-litigation/litigation-releases/lr-21600 | https://www.sec.gov/files/litigation/complaints/2010/comp21600.pdf,SEC AAER index + company-name candidate matching,SUNRISE,SUNRISE,True,1.0,EXACT_NAME_MATCH—MANUAL_CONFIRM,MANUAL_REVIEW_COMPLETED,Reviewer decision merged from aaer_manual_review_only.csv.
1,LIKELY COMPANY MATCH,,1011064,SUNRISE SENIOR LIVING INC,2010,100,23-Jul-10,AAER-3157,"Sunrise Senior Living, Inc., et al. Release No. LR-21600, AAER-3157 See Also: SEC Complaint",https://www.sec.gov/enforcement-litigation/litigation-releases/lr-21600 | https://www.sec.gov/files/litigation/complaints/2010/comp21600.pdf,SEC AAER index + company-name candidate matching,SUNRISE SENIOR LIVING,SUNRISE | SENIOR | LIVING,True,1.0,EXACT_NAME_MATCH—MANUAL_CONFIRM,AUTO_ACCEPT_STRICT,Full legal-entity name appears in the AAER title with an immediate corporate suffix.
1,LIKELY COMPANY MATCH,,1504747,SWISHER HYGIENE INC.,2016,100,24-May-16,AAER-3775,"Swisher Hygiene Inc. Release No. 33-10081, 34-77887, AAER-3775",https://www.sec.gov/files/litigation/admin/2016/33-10081.pdf,SEC AAER index + company-name candidate matching,SWISHER HYGIENE,SWISHER | HYGIENE,True,1.0,EXACT_NAME_MATCH—MANUAL_CONFIRM,AUTO_ACCEPT_STRICT,Full legal-entity name appears in the AAER title with an immediate corporate suffix.
1,LIKELY COMPANY MATCH,,1131554,SYNCHRONOSS TECHNOLOGIES INC,2022,100,7-Jun-22,AAER-4302,"Synchronoss Technologies, Inc. Release No. 34-95049, AAER-4302",https://www.sec.gov/files/litigation/admin/2022/34-95049.pdf,SEC AAER index + company-name candidate matching,SYNCHRONOSS TECHNOLOGIES,SYNCHRONOSS,True,1.0,EXACT_NAME_MATCH—MANUAL_CONFIRM,AUTO_ACCEPT_STRICT,Full legal-entity name appears in the AAER title with an immediate corporate suffix.
1,LIKELY COMPANY MATCH,,946581,TAKE TWO INTERACTIVE SOFTWARE INC,2009,100,1-Apr-09,AAER-2957,"Take-Two Interactive Software, Inc. Release No. LR-20982, AAER-2957 See Also: SEC Complaint",https://www.sec.gov/enforcement-litigation/litigation-releases/lr-20982 | https://www.sec.gov/files/litigation/complaints/2009/comp20982.pdf,SEC AAER index + company-name candidate matching,TAKE TWO INTERACTIVE SOFTWARE,TAKE | TWO | INTERACTIVE | SOFTWARE,True,1.0,EXACT_NAME_MATCH—MANUAL_CONFIRM,AUTO_ACCEPT_STRICT,Full legal-entity name appears in the AAER title with an immediate corporate suffix.
1,LIKELY COMPANY MATCH,,909724,TANDY LEATHER FACTORY INC,2021,100,21-Jul-21,AAER-4228,"Tandy Leather Factory, Inc. and Shannon Greene, CPA Release No. 34-92455, AAER-4228",https://www.sec.gov/files/litigation/admin/2021/34-92455.pdf,SEC AAER index + company-name candidate matching,TANDY LEATHER FACTORY,TANDY | LEATHER | FACTORY,True,1.0,EXACT_NAME_MATCH—MANUAL_CONFIRM,AUTO_ACCEPT_STRICT,Full legal-entity name appears in the AAER title with an immediate corporate suffix.
1,LIKELY COMPANY MATCH,,730263,THOR INDUSTRIES INC,2011,100,13-May-11,AAER-3280,"Thor Industries, Inc., and Mark C. Schwartzhoff Release No. LR-21966, AAER-3280 See Also: SEC Complaint",https://www.sec.gov/enforcement-litigation/litigation-releases/lr-21966 | https://www.sec.gov/files/litigation/complaints/2011/comp21966.pdf,SEC AAER index + company-name candidate matching,THOR INDUSTRIES,THOR,True,1.0,EXACT_NAME_MATCH—MANUAL_CONFIRM,AUTO_ACCEPT_STRICT,Full legal-entity name appears in the AAER title with an immediate corporate suffix.
1,LIKELY COMPANY MATCH,,859475,TRIDENT MICROSYSTEMS INC,2010,100,16-Jul-10,AAER-3154,"Trident Microsystems, Inc., Frank C. Lin, and Peter Y. Jen Release No. LR-21593, AAER-3154 See Also: SEC Complaint",https://www.sec.gov/enforcement-litigation/litigation-releases/lr-21593 | https://www.sec.gov/files/litigation/complaints/2010/comp21593.pdf,SEC AAER index + company-name candidate matching,TRIDENT MICROSYSTEMS,TRIDENT | MICROSYSTEMS,True,1.0,EXACT_NAME_MATCH—MANUAL_CONFIRM,AUTO_ACCEPT_STRICT,Full legal-entity name appears in the AAER title with an immediate corporate suffix.
1,LIKELY COMPANY MATCH,,1429393,"TRUTANKLESS, INC.",2021,100,29-Apr-21,AAER-4213,"Trutankless, Inc. Release No. 34-91716, AAER-4213",https://www.sec.gov/files/litigation/admin/2021/34-91716.pdf,SEC AAER index + company-name candidate matching,TRUTANKLESS,TRUTANKLESS,True,1.0,EXACT_NAME_MATCH—MANUAL_CONFIRM,AUTO_ACCEPT_STRICT,Full legal-entity name appears in the AAER title with an immediate corporate suffix.
1,LIKELY COMPANY MATCH,,1336917,"UNDER ARMOUR, INC.",2021,100,3-May-21,AAER-4220,"Under Armour, Inc. Release No. 33-10940, 34-91741, AAER-4220",https://www.sec.gov/files/litigation/admin/2021/33-10940.pdf,SEC AAER index + company-name candidate matching,UNDER ARMOUR,UNDER | ARMOUR,True,1.0,EXACT_NAME_MATCH—MANUAL_CONFIRM,AUTO_ACCEPT_STRICT,Full legal-entity name appears in the AAER title with an immediate corporate suffix.
1,LIKELY COMPANY MATCH,,930184,VALEANT PHARMACEUTICALS INTERNATIONAL,2020,100,31-Jul-20,AAER-4153,"Valeant Pharmaceuticals International, Inc. and n/k/a Bausch Health Companies Inc. Release No. 33-10809, 34-89442, AAER-4153",https://www.sec.gov/files/litigation/admin/2020/33-10809.pdf,SEC AAER index + company-name candidate matching,VALEANT PHARMACEUTICALS INTERNATIONAL,VALEANT | PHARMACEUTICALS,True,1.0,EXACT_NAME_MATCH—MANUAL_CONFIRM,AUTO_ACCEPT_STRICT,Full legal-entity name appears in the AAER title with an immediate corporate suffix.
1,LIKELY COMPANY MATCH,,1507385,"VEREIT, INC.",2020,100,23-Jun-20,AAER-4149,"Vereit, Inc. Release No. 33-10793, 34-89133, AAER-4149 See Also: Administrative Summary",https://www.sec.gov/files/litigation/admin/2020/33-10793.pdf | https://www.sec.gov/enforce/33-10793-s,SEC AAER index + company-name candidate matching,VEREIT,VEREIT,True,1.0,EXACT_NAME_MATCH—MANUAL_CONFIRM,AUTO_ACCEPT_STRICT,Full legal-entity name appears in the AAER title with an immediate corporate suffix.
1,LIKELY COMPANY MATCH,,1166388,VERINT SYSTEMS INC,2010,100,3-Mar-10,AAER-3117,"Verint Systems Inc. Release No. LR-21428, AAER-3117 See Also: SEC Complaint against Verint , Administrative Proceedings Release",https://www.sec.gov/enforcement-litigation/litigation-releases/lr-21428 | https://www.sec.gov/files/litigation/complaints/2010/comp21428.pdf | https://www.sec.gov/files/litigation/admin/2010/34-61635.pdf,SEC AAER index + company-name candidate matching,VERINT SYSTEMS,VERINT,True,1.0,EXACT_NAME_MATCH—MANUAL_CONFIRM,AUTO_ACCEPT_STRICT,Full legal-entity name appears in the AAER title with an immediate corporate suffix.
1,LIKELY COMPANY MATCH,,1166388,VERINT SYSTEMS INC,2010,100,3-Mar-10,AAER-3117,"Verint Systems Inc. Release No. 34-61635, AAER-3117",https://www.sec.gov/files/litigation/admin/2010/34-61635.pdf,SEC AAER index + company-name candidate matching,VERINT SYSTEMS,VERINT,True,1.0,EXACT_NAME_MATCH—MANUAL_CONFIRM,AUTO_ACCEPT_STRICT,Full legal-entity name appears in the AAER title with an immediate corporate suffix.
1,LIKELY COMPANY MATCH,,103872,"VOLT INFORMATION SCIENCES, INC.",2014,100,25-Jul-14,AAER-3569; AAER-3570; AAER-3569,"Volt Information Sciences, Inc. and Debra L. Hobbs; Jack J. Egan, Jr. Release No. LR-23051, AAER-3569 and AAER-3570, AAER-3569",https://www.sec.gov/enforcement-litigation/litigation-releases/lr-23051,SEC AAER index + company-name candidate matching,VOLT INFORMATION SCIENCES,VOLT | INFORMATION | SCIENCES,True,1.0,EXACT_NAME_MATCH—MANUAL_CONFIRM,AUTO_ACCEPT_STRICT,Full legal-entity name appears in the AAER title with an immediate corporate suffix.
1,LIKELY COMPANY MATCH,,104169,WALMART INC.,2019,100,20-Jun-19,AAER-4054,"Walmart Inc. Release No. 34-86159, AAER-4054",https://www.sec.gov/files/litigation/admin/2019/34-86159.pdf,SEC AAER index + company-name candidate matching,WALMART,WALMART,True,1.0,EXACT_NAME_MATCH—MANUAL_CONFIRM,AUTO_ACCEPT_STRICT,Full legal-entity name appears in the AAER title with an immediate corporate suffix.
1,LIKELY COMPANY MATCH,,1279363,"WELLCARE HEALTH PLANS, INC.",2009,100,18-May-09,AAER-2971,"WellCare Health Plans, Inc. Release No. LR-21044, AAER-2971 See Also: SEC Complaint",https://www.sec.gov/enforcement-litigation/litigation-releases/lr-21044 | https://www.sec.gov/files/litigation/complaints/2009/comp21044.pdf,SEC AAER index + company-name candidate matching,WELLCARE HEALTH PLANS,WELLCARE | HEALTH | PLANS,True,1.0,EXACT_NAME_MATCH—MANUAL_CONFIRM,AUTO_ACCEPT_STRICT,Full legal-entity name appears in the AAER title with an immediate corporate suffix.
1,LIKELY COMPANY MATCH,,912833,WEST MARINE INC,2009,100,23-Jul-09,AAER-3019,"West Marine, Inc. Release No. LR-21150, AAER-3019 See Also: SEC Complaint",https://www.sec.gov/enforcement-litigation/litigation-releases/lr-21150 | https://www.sec.gov/files/litigation/complaints/2009/comp21150.pdf,SEC AAER index + company-name candidate matching,WEST MARINE,WEST | MARINE,True,1.0,EXACT_NAME_MATCH—MANUAL_CONFIRM,AUTO_ACCEPT_STRICT,Full legal-entity name appears in the AAER title with an immediate corporate suffix.
1,LIKELY COMPANY MATCH,,1011006,YAHOO INC,2018,100,24-Apr-18,AAER-3937,"Altaba Inc. and f/d/b/a Yahoo! Inc. Release No. 33-10485, 34-83096, AAER-3937",https://www.sec.gov/files/litigation/admin/2018/33-10485.pdf,SEC AAER index + company-name candidate matching,YAHOO,YAHOO,True,1.0,EXACT_NAME_MATCH—MANUAL_CONFIRM,AUTO_ACCEPT_STRICT,Full legal-entity name appears in the AAER title with an immediate corporate suffix.
0,LIKELY COMPANY MATCH,,1119046,ADVANCED TECHNOLOGIES GROUP LTD,2019,100,3-May-19,AAER-4045,"GT Advanced Technologies Inc. Release No. 33-10636, 34-85767, AAER-4045",https://www.sec.gov/files/litigation/admin/2019/33-10636.pdf,SEC AAER index + company-name candidate matching,ADVANCED TECHNOLOGIES GROUP,ADVANCED,False,1.0,POSSIBLE_ALIAS_OR_RENAME—MANUAL_REVIEW,AUTO_REJECT_OBVIOUS_MISMATCH,Candidate name contains only generic/short terms and the full legal entity was not found.
0,LIKELY COMPANY MATCH,,2065708,ANDERSEN GROUP INC.,2010,100,10-Jun-10,AAER-3144,"L. Rex Andersen, CPA Release No. 34-62262, AAER-3144",https://www.sec.gov/files/litigation/admin/2010/34-62262.pdf,SEC AAER index + company-name candidate matching,ANDERSEN GROUP,ANDERSEN,False,1.0,POSSIBLE_ALIAS_OR_RENAME—MANUAL_REVIEW,MANUAL_REVIEW_COMPLETED,Reviewer decision merged from aaer_manual_review_only.csv.
0,LIKELY COMPANY MATCH,,2065708,ANDERSEN GROUP INC.,2010,100,14-Jul-10,AAER-3153,"L. Rex Andersen, CPA Carol Fox Foelak, Administrative Law Judge Release No. 34-62499, AAER-3153",https://www.sec.gov/files/litigation/admin/2010/34-62499.pdf,SEC AAER index + company-name candidate matching,ANDERSEN GROUP,ANDERSEN,False,1.0,POSSIBLE_ALIAS_OR_RENAME—MANUAL_REVIEW,MANUAL_REVIEW_COMPLETED,Reviewer decision merged from aaer_manual_review_only.csv.
0,REVIEW,,1134765,"CHARLIE'S HOLDINGS, INC.",2022,88.89,7-Jun-22,AAER-4303,"Clayton ""Charlie"" Thomas Release No. 34-95050, AAER-4303",https://www.sec.gov/files/litigation/admin/2022/34-95050.pdf,SEC AAER index + company-name candidate matching,CHARLIE S,CHARLIE,False,1.0,POSSIBLE_ALIAS_OR_RENAME—MANUAL_REVIEW,MANUAL_REVIEW_COMPLETED,Reviewer decision merged from aaer_manual_review_only.csv.
1,REVIEW,,803014,COMVERSE TECHNOLOGY INC/NY/,2009,95.24,18-Jun-09,AAER-2994,"Comverse Technology, Inc. Release No. LR-21090, AAER-2994 See Also: SEC Complaint",https://www.sec.gov/enforcement-litigation/litigation-releases/lr-21090 | https://www.sec.gov/files/litigation/complaints/2009/comp21090.pdf,SEC AAER index + company-name candidate matching,COMVERSE TECHNOLOGY NY,COMVERSE,False,1.0,POSSIBLE_ALIAS_OR_RENAME—MANUAL_REVIEW,MANUAL_REVIEW_COMPLETED,Reviewer decision merged from aaer_manual_review_only.csv.
0,REVIEW,,1106861,CS DIAGNOSTICS CORP.,2023,88,5-Jul-23,AAER-4428,"Co-Diagnostics, Inc. Release No. 33-11209, 34-97836, AAER-4428 See Also: Administrative Summary",https://www.sec.gov/files/litigation/admin/2023/33-11209.pdf | https://www.sec.gov/enforce/33-11209-s,SEC AAER index + company-name candidate matching,CS DIAGNOSTICS,DIAGNOSTICS,False,1.0,POSSIBLE_ALIAS_OR_RENAME—MANUAL_REVIEW,MANUAL_REVIEW_COMPLETED,Reviewer decision merged from aaer_manual_review_only.csv.
1,REVIEW,,29915,DOW CHEMICAL CO /DE/,2018,93.33,2-Jul-18,AAER-3947,"The Dow Chemical Company Release No. 34-83581, AAER-3947 See Also: Administrative Summary",https://www.sec.gov/files/litigation/admin/2018/34-83581.pdf | https://www.sec.gov/enforce/34-83581-s,SEC AAER index + company-name candidate matching,DOW CHEMICAL DE,DOW | CHEMICAL,False,1.0,POSSIBLE_ALIAS_OR_RENAME—MANUAL_REVIEW,MANUAL_REVIEW_COMPLETED,Reviewer decision merged from aaer_manual_review_only.csv.
1,REVIEW,,1115222,DUN & BRADSTREET CORP/NW,2018,95,23-Apr-18,AAER-3936,"The Dun & Bradstreet Corporation Release No. 34-83088, AAER-3936 See Also: Administrative Summary",https://www.sec.gov/files/litigation/admin/2018/34-83088.pdf | https://www.sec.gov/enforce/34-83088-s,SEC AAER index + company-name candidate matching,DUN AND BRADSTREET NW,DUN | BRADSTREET,False,1.0,POSSIBLE_ALIAS_OR_RENAME—MANUAL_REVIEW,MANUAL_REVIEW_COMPLETED,Reviewer decision merged from aaer_manual_review_only.csv.
1,REVIEW,,811589,FIRST BANCORP /NC/,2015,93.75,1-Jun-15,AAER-3660,"First Bancorp, Anna Hollers and Teresa Nixon (Corrected Order) Release No. 34-75086, AAER-3660",https://www.sec.gov/files/litigation/admin/2015/34-75086.pdf,SEC AAER index + company-name candidate matching,FIRST BANCORP NC,FIRST | BANCORP,False,1.0,POSSIBLE_ALIAS_OR_RENAME—MANUAL_REVIEW,MANUAL_REVIEW_COMPLETED,Reviewer decision merged from aaer_manual_review_only.csv.
1,REVIEW,,1057706,FIRST BANCORP /PR/,2009,93.75,6-Jul-09,AAER-3007,"Doral Financial Corporation and First BanCorp Release No. LR-21117, AAER-3007",https://www.sec.gov/enforcement-litigation/litigation-releases/lr-21117,SEC AAER index + company-name candidate matching,FIRST BANCORP PR,FIRST | BANCORP,False,1.0,POSSIBLE_ALIAS_OR_RENAME—MANUAL_REVIEW,MANUAL_REVIEW_COMPLETED,Reviewer decision merged from aaer_manual_review_only.csv.
0,REVIEW,,1057706,FIRST BANCORP /PR/,2015,93.33,1-Jun-15,AAER-3660,"First Bancorp, Anna Hollers and Teresa Nixon (Corrected Order) Release No. 34-75086, AAER-3660",https://www.sec.gov/files/litigation/admin/2015/34-75086.pdf,SEC AAER index + company-name candidate matching,FIRST BANCORP PR,FIRST | BANCORP,False,1.0,POSSIBLE_ALIAS_OR_RENAME—MANUAL_REVIEW,MANUAL_REVIEW_COMPLETED,Reviewer decision merged from aaer_manual_review_only.csv.
0,REVIEW,,765207,"FIRST BANCORP, INC /ME/",2009,93.75,6-Jul-09,AAER-3007,"Doral Financial Corporation and First BanCorp Release No. LR-21117, AAER-3007",https://www.sec.gov/enforcement-litigation/litigation-releases/lr-21117,SEC AAER index + company-name candidate matching,FIRST BANCORP ME,FIRST | BANCORP,False,1.0,POSSIBLE_ALIAS_OR_RENAME—MANUAL_REVIEW,MANUAL_REVIEW_COMPLETED,Reviewer decision merged from aaer_manual_review_only.csv.
0,REVIEW,,765207,"FIRST BANCORP, INC /ME/",2015,93.33,1-Jun-15,AAER-3660,"First Bancorp, Anna Hollers and Teresa Nixon (Corrected Order) Release No. 34-75086, AAER-3660",https://www.sec.gov/files/litigation/admin/2015/34-75086.pdf,SEC AAER index + company-name candidate matching,FIRST BANCORP ME,FIRST | BANCORP,False,1.0,POSSIBLE_ALIAS_OR_RENAME—MANUAL_REVIEW,MANUAL_REVIEW_COMPLETED,Reviewer decision merged from aaer_manual_review_only.csv.
1,REVIEW,,49196,HUNTINGTON BANCSHARES INC /MD/,2011,95.65,14-Jun-11,AAER-3291,"Huntington Bancshares, Inc.; Thomas E. Hoaglin, Michael J. McMennamin, and John Van Fleet, CPA Release No. 34-64668, AAER-3291",https://www.sec.gov/files/litigation/admin/2011/34-64668.pdf,SEC AAER index + company-name candidate matching,HUNTINGTON BANCSHARES MD,HUNTINGTON | BANCSHARES,False,1.0,POSSIBLE_ALIAS_OR_RENAME—MANUAL_REVIEW,MANUAL_REVIEW_COMPLETED,Reviewer decision merged from aaer_manual_review_only.csv.
0,REVIEW,,1534154,ID GLOBAL SOLUTIONS CORP,2016,89.47,15-Mar-16,AAER-3758,"ModusLink Global  Solutions, et al. Release No. 33-10055, 34-77372, AAER-3758 See Also: Administrative Summary",https://www.sec.gov/files/litigation/admin/2016/33-10055.pdf | https://www.sec.gov/files/litigation/admin/2016/33-10055-s.pdf,SEC AAER index + company-name candidate matching,ID GLOBAL SOLUTIONS,SOLUTIONS,False,1.0,POSSIBLE_ALIAS_OR_RENAME—MANUAL_REVIEW,AUTO_REJECT_OBVIOUS_MISMATCH,Candidate name contains only generic/short terms and the full legal entity was not found.
0,LIKELY COMPANY MATCH,,874016,JONES GROUP INC,2009,100,17-Jul-09,AAER-3015,"LSB Industries, Inc. and Jimmie Dean Jones, CPA Release No. 34-60336, AAER-3015",https://www.sec.gov/files/litigation/admin/2009/34-60336.pdf,SEC AAER index + company-name candidate matching,JONES GROUP,JONES,False,1.0,POSSIBLE_ALIAS_OR_RENAME—MANUAL_REVIEW,MANUAL_REVIEW_COMPLETED,Reviewer decision merged from aaer_manual_review_only.csv.
0,LIKELY COMPANY MATCH,,874016,JONES GROUP INC,2019,100,28-Jun-19,AAER-4055,"R. Gordon Jones, CPA Release No. 34-86239, AAER-4055",https://www.sec.gov/files/litigation/admin/2019/34-86239.pdf,SEC AAER index + company-name candidate matching,JONES GROUP,JONES,False,1.0,POSSIBLE_ALIAS_OR_RENAME—MANUAL_REVIEW,MANUAL_REVIEW_COMPLETED,Reviewer decision merged from aaer_manual_review_only.csv.
0,LIKELY COMPANY MATCH,,874016,JONES GROUP INC,2019,100,28-Jun-19,AAER-4056,"S. Jeffrey Jones, CPA Release No. 34-86240, AAER-4056",https://www.sec.gov/files/litigation/admin/2019/34-86240.pdf,SEC AAER index + company-name candidate matching,JONES GROUP,JONES,False,1.0,POSSIBLE_ALIAS_OR_RENAME—MANUAL_REVIEW,MANUAL_REVIEW_COMPLETED,Reviewer decision merged from aaer_manual_review_only.csv.
0,LIKELY COMPANY MATCH,,1162283,MORGAN GROUP HOLDING CO,2010,100,7-Apr-10,AAER-3125,"Morgan Asset Management, Inc.; Morgan Keegan & Company, Inc.;James C. Kelsoe, Jr.; and Joseph Thompson Weller, CPA Release No. 33-9116, AAER-3125",https://www.sec.gov/files/litigation/admin/2010/33-9116.pdf,SEC AAER index + company-name candidate matching,MORGAN GROUP,MORGAN,False,1.0,POSSIBLE_ALIAS_OR_RENAME—MANUAL_REVIEW,MANUAL_REVIEW_COMPLETED,Reviewer decision merged from aaer_manual_review_only.csv.
0,LIKELY COMPANY MATCH,,1162283,MORGAN GROUP HOLDING CO,2011,100,22-Jun-11,AAER-3296,"Morgan Asset Management, Inc.; Morgan Keegan & Company, Inc.;James C. Kelsoe, Jr.; and Joseph Thompson Weller, CPA Release No. 34-64720, IA-3218, IC-29704, AAER-3296",https://www.sec.gov/files/litigation/admin/2011/34-64720.pdf,SEC AAER index + company-name candidate matching,MORGAN GROUP,MORGAN,False,1.0,POSSIBLE_ALIAS_OR_RENAME—MANUAL_REVIEW,MANUAL_REVIEW_COMPLETED,Reviewer decision merged from aaer_manual_review_only.csv.
0,LIKELY COMPANY MATCH,,1162283,MORGAN GROUP HOLDING CO,2012,100,30-Jul-12,AAER-3395,"John S. Morgan, et al. Release No. 34-67542, AAER-3395",https://www.sec.gov/files/litigation/admin/2012/34-67542.pdf,SEC AAER index + company-name candidate matching,MORGAN GROUP,MORGAN,False,1.0,POSSIBLE_ALIAS_OR_RENAME—MANUAL_REVIEW,MANUAL_REVIEW_COMPLETED,Reviewer decision merged from aaer_manual_review_only.csv.
0,REVIEW,,934796,NETWORK CN INC,2021,90,29-Apr-21,AAER-4219,"HQDA Elderly Life Network, Inc. (Corrected) Release No. 34-91723, AAER-4219",https://www.sec.gov/files/litigation/admin/2021/34-91723.pdf,SEC AAER index + company-name candidate matching,NETWORK CN,NETWORK,False,1.0,POSSIBLE_ALIAS_OR_RENAME—MANUAL_REVIEW,AUTO_REJECT_OBVIOUS_MISMATCH,Candidate name contains only generic/short terms and the full legal entity was not found.
0,REVIEW,,1611702,OM ASSET MANAGEMENT PLC,2010,89.47,7-Apr-10,AAER-3125,"Morgan Asset Management, Inc.; Morgan Keegan & Company, Inc.;James C. Kelsoe, Jr.; and Joseph Thompson Weller, CPA Release No. 33-9116, AAER-3125",https://www.sec.gov/files/litigation/admin/2010/33-9116.pdf,SEC AAER index + company-name candidate matching,OM ASSET MANAGEMENT,ASSET,False,1.0,POSSIBLE_ALIAS_OR_RENAME—MANUAL_REVIEW,MANUAL_REVIEW_COMPLETED,Reviewer decision merged from aaer_manual_review_only.csv.
0,REVIEW,,1611702,OM ASSET MANAGEMENT PLC,2011,89.47,22-Jun-11,AAER-3296,"Morgan Asset Management, Inc.; Morgan Keegan & Company, Inc.;James C. Kelsoe, Jr.; and Joseph Thompson Weller, CPA Release No. 34-64720, IA-3218, IC-29704, AAER-3296",https://www.sec.gov/files/litigation/admin/2011/34-64720.pdf,SEC AAER index + company-name candidate matching,OM ASSET MANAGEMENT,ASSET,False,1.0,POSSIBLE_ALIAS_OR_RENAME—MANUAL_REVIEW,MANUAL_REVIEW_COMPLETED,Reviewer decision merged from aaer_manual_review_only.csv.
1,REVIEW,,76321,PARKER DRILLING CO /DE/,2013,94.44,16-Apr-13,AAER-3454,"Parker Drilling Company Release No. LR-22672, AAER-3454 See Also: SEC Complaint",https://www.sec.gov/enforcement-litigation/litigation-releases/lr-22672 | https://www.sec.gov/files/litigation/complaints/2013/comp22672.pdf,SEC AAER index + company-name candidate matching,PARKER DRILLING DE,PARKER | DRILLING,False,1.0,POSSIBLE_ALIAS_OR_RENAME—MANUAL_REVIEW,MANUAL_REVIEW_COMPLETED,Reviewer decision merged from aaer_manual_review_only.csv.
1,REVIEW,,1129633,PHOENIX COMPANIES INC/DE,2016,95,15-Jul-16,AAER-3789,"The Phoenix Companies, Inc. Release No. 34-78341, AAER-3789 See Also: Administrative Summary",https://www.sec.gov/files/litigation/admin/2016/34-78341.pdf | https://www.sec.gov/files/litigation/admin/2016/34-78341-s.pdf,SEC AAER index + company-name candidate matching,PHOENIX COMPANIES DE,PHOENIX | COMPANIES,False,1.0,POSSIBLE_ALIAS_OR_RENAME—MANUAL_REVIEW,MANUAL_REVIEW_COMPLETED,Reviewer decision merged from aaer_manual_review_only.csv.
0,REVIEW,,1844505,"QT IMAGING HOLDINGS, INC.",2018,90,9-Mar-18,AAER-3925,"Elbit Imaging Ltd. Release No. 34-82849, AAER-3925 See Also: Administrative Summary",https://www.sec.gov/files/litigation/admin/2018/34-82849.pdf | https://www.sec.gov/enforce/34-82849-s,SEC AAER index + company-name candidate matching,QT IMAGING,IMAGING,False,1.0,POSSIBLE_ALIAS_OR_RENAME—MANUAL_REVIEW,MANUAL_REVIEW_COMPLETED,Reviewer decision merged from aaer_manual_review_only.csv.
1,REVIEW,,804328,QUALCOMM INC/DE,2016,90.91,1-Mar-16,AAER-3751,"Qualcomm Incorporated Release No. 34-77261, AAER-3751",https://www.sec.gov/files/litigation/admin/2016/34-77261.pdf,SEC AAER index + company-name candidate matching,QUALCOMM DE,QUALCOMM,False,1.0,POSSIBLE_ALIAS_OR_RENAME—MANUAL_REVIEW,MANUAL_REVIEW_COMPLETED,Reviewer decision merged from aaer_manual_review_only.csv.
0,REVIEW,,1140215,REED'S INC,2023,90.91,5-Jul-23,AAER-4427,"Reed L. Benson, CPA Release No. 34-97835, AAER-4427 See Also: Administrative Summary",https://www.sec.gov/files/litigation/admin/2023/34-97835.pdf | https://www.sec.gov/enforce/33-11209-s,SEC AAER index + company-name candidate matching,REED S,REED,False,1.0,POSSIBLE_ALIAS_OR_RENAME—MANUAL_REVIEW,AUTO_REJECT_OBVIOUS_MISMATCH,Only a single name token appears without an immediate corporate suffix; likely a person/surname collision.
0,REVIEW,,87565,SCHULMAN A INC,2020,94.74,15-Apr-20,AAER-4122,"Schulman Lobel Zand Katzen Williams & Blackman, LLP a/k/a Schulman Lobel LLP Release No. 34-88653, AAER-4122",https://www.sec.gov/files/litigation/admin/2020/34-88653.pdf,SEC AAER index + company-name candidate matching,SCHULMAN A,SCHULMAN,False,1.0,POSSIBLE_ALIAS_OR_RENAME—MANUAL_REVIEW,AUTO_REJECT_OBVIOUS_MISMATCH,Only a single name token appears without an immediate corporate suffix; likely a person/surname collision.
0,REVIEW,,1272754,"T BANCSHARES, INC.",2011,91.67,14-Jun-11,AAER-3291,"Huntington Bancshares, Inc.; Thomas E. Hoaglin, Michael J. McMennamin, and John Van Fleet, CPA Release No. 34-64668, AAER-3291",https://www.sec.gov/files/litigation/admin/2011/34-64668.pdf,SEC AAER index + company-name candidate matching,T BANCSHARES,BANCSHARES,False,1.0,POSSIBLE_ALIAS_OR_RENAME—MANUAL_REVIEW,MANUAL_REVIEW_COMPLETED,Reviewer decision merged from aaer_manual_review_only.csv.
0,REVIEW,,1439981,"T.O ENTERTAINMENT, INC.",2023,88.24,6-Mar-23,AAER-4384,"Flutter Entertainment and plc as successor-in-interest to The Stars Group, Inc. (Corrected) Release No. 34-97044, AAER-4384 See Also: Administrative Summary",https://www.sec.gov/files/litigation/admin/2023/34-97044.pdf | http://www.sec.gov/enforce/34-97044-s,SEC AAER index + company-name candidate matching,T O ENTERTAINMENT,ENTERTAINMENT,False,1.0,POSSIBLE_ALIAS_OR_RENAME—MANUAL_REVIEW,MANUAL_REVIEW_COMPLETED,Reviewer decision merged from aaer_manual_review_only.csv.
0,REVIEW,,1434589,"T3 MOTION, INC.",2023,88.89,16-May-23,AAER-4407,"Carlos Javier Moctezuma Velasco (ORDER GRANTING IN PART MOTION FOR LEAVE TO USE ALTERNATE MEANS OF 
SERVICE) Release No. 34-97509, AAER-4407",https://www.sec.gov/files/litigation/opinions/2023/34-97509.pdf,SEC AAER index + company-name candidate matching,T3 MOTION,MOTION,False,1.0,POSSIBLE_ALIAS_OR_RENAME—MANUAL_REVIEW,MANUAL_REVIEW_COMPLETED,Reviewer decision merged from aaer_manual_review_only.csv.
0,REVIEW,,1434589,"T3 MOTION, INC.",2023,88.89,16-May-23,AAER-4408,"Noe Corrales Reyes (ORDER GRANTING IN PART MOTION FOR LEAVE TO USE ALTERNATE MEANS OF 
SERVICE) Release No. 34-97510, AAER-4408",https://www.sec.gov/files/34-97510.pdf,SEC AAER index + company-name candidate matching,T3 MOTION,MOTION,False,1.0,POSSIBLE_ALIAS_OR_RENAME—MANUAL_REVIEW,MANUAL_REVIEW_COMPLETED,Reviewer decision merged from aaer_manual_review_only.csv.
0,REVIEW,,1434589,"T3 MOTION, INC.",2023,88.89,16-May-23,AAER-4409,"Ramón Lafarga Bátiz (ORDER GRANTING IN PART MOTION FOR LEAVE TO USE ALTERNATE MEANS OF 
SERVICE) Release No. 34-97512, AAER-4409",https://www.sec.gov/files/litigation/opinions/2023/34-97512.pdf,SEC AAER index + company-name candidate matching,T3 MOTION,MOTION,False,1.0,POSSIBLE_ALIAS_OR_RENAME—MANUAL_REVIEW,MANUAL_REVIEW_COMPLETED,Reviewer decision merged from aaer_manual_review_only.csv.
0,REVIEW,,1434589,"T3 MOTION, INC.",2023,88.89,18-Jul-23,AAER-4432,"Michelle L. Helterbran Cochran, CPA (ORDER REQUESTING RESPONSE TO MOTION FOR RECONSIDERATION) Release No. 34-97941, AAER-4432",https://www.sec.gov/files/litigation/opinions/2023/34-97941.pdf,SEC AAER index + company-name candidate matching,T3 MOTION,MOTION,False,1.0,POSSIBLE_ALIAS_OR_RENAME—MANUAL_REVIEW,MANUAL_REVIEW_COMPLETED,Reviewer decision merged from aaer_manual_review_only.csv.
0,LIKELY COMPANY MATCH,,900017,THOMAS GROUP INC,2009,100,29-May-09,AAER-2980,"Thomas Wurzel Release No. LR-21063, AAER-2980 See Also: SEC Complaint",https://www.sec.gov/enforcement-litigation/litigation-releases/lr-21063 | https://www.sec.gov/files/litigation/complaints/2009/comp21063.pdf,SEC AAER index + company-name candidate matching,THOMAS GROUP,THOMAS,False,1.0,POSSIBLE_ALIAS_OR_RENAME—MANUAL_REVIEW,MANUAL_REVIEW_COMPLETED,Reviewer decision merged from aaer_manual_review_only.csv.
0,LIKELY COMPANY MATCH,,900017,THOMAS GROUP INC,2009,100,17-Jul-09,AAER-3014,"Thomas Stiner, CPA Release No. 34-60331, AAER-3014",https://www.sec.gov/files/litigation/admin/2009/34-60331.pdf,SEC AAER index + company-name candidate matching,THOMAS GROUP,THOMAS,False,1.0,POSSIBLE_ALIAS_OR_RENAME—MANUAL_REVIEW,MANUAL_REVIEW_COMPLETED,Reviewer decision merged from aaer_manual_review_only.csv.
0,LIKELY COMPANY MATCH,,900017,THOMAS GROUP INC,2011,100,14-Jun-11,AAER-3291,"Huntington Bancshares, Inc.; Thomas E. Hoaglin, Michael J. McMennamin, and John Van Fleet, CPA Release No. 34-64668, AAER-3291",https://www.sec.gov/files/litigation/admin/2011/34-64668.pdf,SEC AAER index + company-name candidate matching,THOMAS GROUP,THOMAS,False,1.0,POSSIBLE_ALIAS_OR_RENAME—MANUAL_REVIEW,MANUAL_REVIEW_COMPLETED,Reviewer decision merged from aaer_manual_review_only.csv.
0,LIKELY COMPANY MATCH,,900017,THOMAS GROUP INC,2011,100,27-Jun-11,AAER-3301,"Peter L. Jensen and Thomas C. Tekulve, Jr. Release No. LR-22014, AAER-3301 See Also: SEC Complaint",https://www.sec.gov/enforcement-litigation/litigation-releases/lr-22014 | https://www.sec.gov/files/litigation/complaints/2011/comp22014.pdf,SEC AAER index + company-name candidate matching,THOMAS GROUP,THOMAS,False,1.0,POSSIBLE_ALIAS_OR_RENAME—MANUAL_REVIEW,MANUAL_REVIEW_COMPLETED,Reviewer decision merged from aaer_manual_review_only.csv.
0,LIKELY COMPANY MATCH,,900017,THOMAS GROUP INC,2012,100,14-Mar-12,AAER-3371,"Mark A. Jackson and James J. Ruehlen; Thomas F. O’Rourke Release No. LR-22290, AAER-3371",https://www.sec.gov/enforcement-litigation/litigation-releases/lr-22290,SEC AAER index + company-name candidate matching,THOMAS GROUP,THOMAS,False,1.0,POSSIBLE_ALIAS_OR_RENAME—MANUAL_REVIEW,MANUAL_REVIEW_COMPLETED,Reviewer decision merged from aaer_manual_review_only.csv.
0,LIKELY COMPANY MATCH,,900017,THOMAS GROUP INC,2012,100,6-Apr-12,AAER-3379,"James Li (a/k/a Ching Hua Li), Thomas Chow (a/k/a Man Kit Chow), Roger Kao (a/k/a Chao Chun Kao), Christopher Liu (a/k/a Chi Lei Liu), and Wayne A. Pratt Release No. LR-22324, AAER-3379",https://www.sec.gov/enforcement-litigation/litigation-releases/lr-22324,SEC AAER index + company-name candidate matching,THOMAS GROUP,THOMAS,False,1.0,POSSIBLE_ALIAS_OR_RENAME—MANUAL_REVIEW,MANUAL_REVIEW_COMPLETED,Reviewer decision merged from aaer_manual_review_only.csv.
0,LIKELY COMPANY MATCH,,900017,THOMAS GROUP INC,2014,100,20-Mar-14,AAER-3543,"Thomas D. Melvin, CPA (Order Denying Petition to Lift Temporary Suspension and Directing Hearing) Release No. 34-71761, AAER-3543",https://www.sec.gov/files/litigation/opinions/2014/34-71761.pdf,SEC AAER index + company-name candidate matching,THOMAS GROUP,THOMAS,False,1.0,POSSIBLE_ALIAS_OR_RENAME—MANUAL_REVIEW,MANUAL_REVIEW_COMPLETED,Reviewer decision merged from aaer_manual_review_only.csv.
0,LIKELY COMPANY MATCH,,900017,THOMAS GROUP INC,2014,100,25-Jun-14,AAER-3559,"Neely, Thomas A., Jr. Release No. 33-9605, 34-72470, AAER-3559",https://www.sec.gov/files/litigation/admin/2014/33-9605.pdf,SEC AAER index + company-name candidate matching,THOMAS GROUP,THOMAS,False,1.0,POSSIBLE_ALIAS_OR_RENAME—MANUAL_REVIEW,MANUAL_REVIEW_COMPLETED,Reviewer decision merged from aaer_manual_review_only.csv.
0,LIKELY COMPANY MATCH,,900017,THOMAS GROUP INC,2015,100,15-May-15,AAER-3656,"Neely, Thomas A., Jr. Release No. 33-9772, 34-74976, AAER-3656",https://www.sec.gov/files/litigation/admin/2015/33-9772.pdf,SEC AAER index + company-name candidate matching,THOMAS GROUP,THOMAS,False,1.0,POSSIBLE_ALIAS_OR_RENAME—MANUAL_REVIEW,MANUAL_REVIEW_COMPLETED,Reviewer decision merged from aaer_manual_review_only.csv.
0,LIKELY COMPANY MATCH,,900017,THOMAS GROUP INC,2015,100,21-Jul-15,AAER-3671,"Thomas S. Wu and Thomas T. Yu Release No. LR-23309, AAER-3671",https://www.sec.gov/enforcement-litigation/litigation-releases/lr-23309,SEC AAER index + company-name candidate matching,THOMAS GROUP,THOMAS,False,1.0,POSSIBLE_ALIAS_OR_RENAME—MANUAL_REVIEW,MANUAL_REVIEW_COMPLETED,Reviewer decision merged from aaer_manual_review_only.csv.
0,LIKELY COMPANY MATCH,,900017,THOMAS GROUP INC,2016,100,9-Mar-16,AAER-3752,"Westlands Water District, Thomas W. Birmingham and Louie David Ciapponi Release No. 33-10053, AAER-3752",https://www.sec.gov/files/litigation/admin/2016/33-10053.pdf,SEC AAER index + company-name candidate matching,THOMAS GROUP,THOMAS,False,1.0,POSSIBLE_ALIAS_OR_RENAME—MANUAL_REVIEW,MANUAL_REVIEW_COMPLETED,Reviewer decision merged from aaer_manual_review_only.csv.
0,LIKELY COMPANY MATCH,,900017,THOMAS GROUP INC,2019,100,1-Jul-19,AAER-4057,"Thomas Chang, CPA Release No. 34-86252, AAER-4057",https://www.sec.gov/files/litigation/admin/2019/34-86252.pdf,SEC AAER index + company-name candidate matching,THOMAS GROUP,THOMAS,False,1.0,POSSIBLE_ALIAS_OR_RENAME—MANUAL_REVIEW,MANUAL_REVIEW_COMPLETED,Reviewer decision merged from aaer_manual_review_only.csv.
0,LIKELY COMPANY MATCH,,900017,THOMAS GROUP INC,2019,100,10-Jul-19,AAER-4058,"Thomas H. Laws, CPA Release No. 34-86350, AAER-4058",https://www.sec.gov/files/litigation/admin/2019/34-86350.pdf,SEC AAER index + company-name candidate matching,THOMAS GROUP,THOMAS,False,1.0,POSSIBLE_ALIAS_OR_RENAME—MANUAL_REVIEW,MANUAL_REVIEW_COMPLETED,Reviewer decision merged from aaer_manual_review_only.csv.
0,LIKELY COMPANY MATCH,,900017,THOMAS GROUP INC,2021,100,28-Jul-21,AAER-4234,"Holder, Cynthia, CPA Wada, Jeffrey, CPA Middendorf, David, CPA Whittle, Thomas, CPA Britt, David, CPA Release No. 34-92513, AAER-4234",https://www.sec.gov/files/litigation/admin/2021/34-92513.pdf,SEC AAER index + company-name candidate matching,THOMAS GROUP,THOMAS,False,1.0,POSSIBLE_ALIAS_OR_RENAME—MANUAL_REVIEW,MANUAL_REVIEW_COMPLETED,Reviewer decision merged from aaer_manual_review_only.csv.
0,LIKELY COMPANY MATCH,,900017,THOMAS GROUP INC,2021,100,28-Jul-21,AAER-4235,"Holder, Cynthia, CPA Wada, Jeffrey, CPA Middendorf, David, CPA Whittle, Thomas, CPA Britt, David, CPA Release No. 34-92514, AAER-4235",https://www.sec.gov/files/litigation/admin/2021/34-92514.pdf,SEC AAER index + company-name candidate matching,THOMAS GROUP,THOMAS,False,1.0,POSSIBLE_ALIAS_OR_RENAME—MANUAL_REVIEW,MANUAL_REVIEW_COMPLETED,Reviewer decision merged from aaer_manual_review_only.csv.
0,LIKELY COMPANY MATCH,,900017,THOMAS GROUP INC,2022,100,7-Jun-22,AAER-4303,"Clayton ""Charlie"" Thomas Release No. 34-95050, AAER-4303",https://www.sec.gov/files/litigation/admin/2022/34-95050.pdf,SEC AAER index + company-name candidate matching,THOMAS GROUP,THOMAS,False,1.0,POSSIBLE_ALIAS_OR_RENAME—MANUAL_REVIEW,MANUAL_REVIEW_COMPLETED,Reviewer decision merged from aaer_manual_review_only.csv.
0,REVIEW,,1901440,UL SOLUTIONS INC.,2016,91.67,15-Mar-16,AAER-3758,"ModusLink Global  Solutions, et al. Release No. 33-10055, 34-77372, AAER-3758 See Also: Administrative Summary",https://www.sec.gov/files/litigation/admin/2016/33-10055.pdf | https://www.sec.gov/files/litigation/admin/2016/33-10055-s.pdf,SEC AAER index + company-name candidate matching,UL SOLUTIONS,SOLUTIONS,False,1.0,POSSIBLE_ALIAS_OR_RENAME—MANUAL_REVIEW,AUTO_REJECT_OBVIOUS_MISMATCH,Candidate name contains only generic/short terms and the full legal entity was not found.
0,REVIEW,,1023024,ANI PHARMACEUTICALS INC,2020,94.74,31-Jul-20,AAER-4153,"Valeant Pharmaceuticals International, Inc. and n/k/a Bausch Health Companies Inc. Release No. 33-10809, 34-89442, AAER-4153",https://www.sec.gov/files/litigation/admin/2020/33-10809.pdf,SEC AAER index + company-name candidate matching,ANI PHARMACEUTICALS,ANI | PHARMACEUTICALS,False,0.5,PARTIAL_NAME_MATCH—MANUAL_REVIEW,MANUAL_REVIEW_COMPLETED,Reviewer decision merged from aaer_manual_review_only.csv.
0,REVIEW,,1556266,"CHINA BAT GROUP, INC.",2012,88.89,14-May-12,AAER-3385,"China Natural Gas, Inc. and Qinan Ji Release No. LR-22368, AAER-3385 See Also: SEC Complaint",https://www.sec.gov/enforcement-litigation/litigation-releases/lr-22368 | https://www.sec.gov/files/litigation/complaints/2012/comp-pr2012-92.pdf,SEC AAER index + company-name candidate matching,CHINA BAT GROUP,CHINA | BAT,False,0.5,PARTIAL_NAME_MATCH—MANUAL_REVIEW,MANUAL_REVIEW_COMPLETED,Reviewer decision merged from aaer_manual_review_only.csv.
0,REVIEW,,1556266,"CHINA BAT GROUP, INC.",2013,88.89,7-Jun-13,AAER-3463,"China Natural Gas, Inc. and Qinan Ji Release No. LR-22719, AAER-3463",https://www.sec.gov/enforcement-litigation/litigation-releases/lr-22719,SEC AAER index + company-name candidate matching,CHINA BAT GROUP,CHINA | BAT,False,0.5,PARTIAL_NAME_MATCH—MANUAL_REVIEW,MANUAL_REVIEW_COMPLETED,Reviewer decision merged from aaer_manual_review_only.csv.
0,LIKELY COMPANY MATCH,,1211211,CHINA MEDIA GROUP CORP,2013,100,20-Jun-13,AAER-3479,"China MediaExpress Holdings, Inc. and Zheng Cheng Release No. LR-22731, AAER-3479 See Also: SEC Complaint",https://www.sec.gov/enforcement-litigation/litigation-releases/lr-22731 | https://www.sec.gov/files/litigation/complaints/2013/comp22731.pdf,SEC AAER index + company-name candidate matching,CHINA MEDIA GROUP,CHINA | MEDIA,False,0.5,PARTIAL_NAME_MATCH—MANUAL_REVIEW,MANUAL_REVIEW_COMPLETED,Reviewer decision merged from aaer_manual_review_only.csv.
0,LIKELY COMPANY MATCH,,1434674,CHINA MEDIA INC.,2013,100,20-Jun-13,AAER-3479,"China MediaExpress Holdings, Inc. and Zheng Cheng Release No. LR-22731, AAER-3479 See Also: SEC Complaint",https://www.sec.gov/enforcement-litigation/litigation-releases/lr-22731 | https://www.sec.gov/files/litigation/complaints/2013/comp22731.pdf,SEC AAER index + company-name candidate matching,CHINA MEDIA,CHINA | MEDIA,False,0.5,PARTIAL_NAME_MATCH—MANUAL_REVIEW,MANUAL_REVIEW_COMPLETED,Reviewer decision merged from aaer_manual_review_only.csv.
0,REVIEW,,1404281,"ELEDON PHARMACEUTICALS, INC.",2020,90.91,2-Jul-20,AAER-4151,"Alexion Pharmaceuticals, Inc. Release No. 34-89214, AAER-4151",https://www.sec.gov/files/litigation/admin/2020/34-89214.pdf,SEC AAER index + company-name candidate matching,ELEDON PHARMACEUTICALS,ELEDON | PHARMACEUTICALS,False,0.5,PARTIAL_NAME_MATCH—MANUAL_REVIEW,MANUAL_REVIEW_COMPLETED,Reviewer decision merged from aaer_manual_review_only.csv.
0,REVIEW,,1438576,"ENTERTAINMENT ART, INC.",2023,88.24,6-Mar-23,AAER-4384,"Flutter Entertainment and plc as successor-in-interest to The Stars Group, Inc. (Corrected) Release No. 34-97044, AAER-4384 See Also: Administrative Summary",https://www.sec.gov/files/litigation/admin/2023/34-97044.pdf | http://www.sec.gov/enforce/34-97044-s,SEC AAER index + company-name candidate matching,ENTERTAINMENT ART,ENTERTAINMENT | ART,False,0.5,PARTIAL_NAME_MATCH—MANUAL_REVIEW,MANUAL_REVIEW_COMPLETED,Reviewer decision merged from aaer_manual_review_only.csv.
0,REVIEW,,1583771,"HEPION PHARMACEUTICALS, INC.",2020,90.91,2-Jul-20,AAER-4151,"Alexion Pharmaceuticals, Inc. Release No. 34-89214, AAER-4151",https://www.sec.gov/files/litigation/admin/2020/34-89214.pdf,SEC AAER index + company-name candidate matching,HEPION PHARMACEUTICALS,HEPION | PHARMACEUTICALS,False,0.5,PARTIAL_NAME_MATCH—MANUAL_REVIEW,MANUAL_REVIEW_COMPLETED,Reviewer decision merged from aaer_manual_review_only.csv.
0,REVIEW,,1462633,"JIVE SOFTWARE, INC.",2009,92.31,1-Apr-09,AAER-2957,"Take-Two Interactive Software, Inc. Release No. LR-20982, AAER-2957 See Also: SEC Complaint",https://www.sec.gov/enforcement-litigation/litigation-releases/lr-20982 | https://www.sec.gov/files/litigation/complaints/2009/comp20982.pdf,SEC AAER index + company-name candidate matching,JIVE SOFTWARE,JIVE | SOFTWARE,False,0.5,PARTIAL_NAME_MATCH—MANUAL_REVIEW,AUTO_REJECT_OBVIOUS_MISMATCH,No distinctive company-name token appears in the AAER title.
0,REVIEW,,1062822,"LEXICON PHARMACEUTICALS, INC.",2020,95.65,2-Jul-20,AAER-4151,"Alexion Pharmaceuticals, Inc. Release No. 34-89214, AAER-4151",https://www.sec.gov/files/litigation/admin/2020/34-89214.pdf,SEC AAER index + company-name candidate matching,LEXICON PHARMACEUTICALS,LEXICON | PHARMACEUTICALS,False,0.5,PARTIAL_NAME_MATCH—MANUAL_REVIEW,MANUAL_REVIEW_COMPLETED,Reviewer decision merged from aaer_manual_review_only.csv.
0,REVIEW,,1669812,"LSC COMMUNICATIONS, INC.",2015,88.89,9-Apr-15,AAER-3650,"AirTouch Communications, Inc. Kanakubo, Hideyuki Kaiser, Jerome, CPA Release No. 33-9744, 34-74691, AAER-3650",https://www.sec.gov/files/litigation/admin/2015/33-9744.pdf,SEC AAER index + company-name candidate matching,LSC COMMUNICATIONS,LSC | COMMUNICATIONS,False,0.5,PARTIAL_NAME_MATCH—MANUAL_REVIEW,MANUAL_REVIEW_COMPLETED,Reviewer decision merged from aaer_manual_review_only.csv.
0,REVIEW,,1354174,"SBT BANCORP, INC.",2009,90.91,6-Jul-09,AAER-3007,"Doral Financial Corporation and First BanCorp Release No. LR-21117, AAER-3007",https://www.sec.gov/enforcement-litigation/litigation-releases/lr-21117,SEC AAER index + company-name candidate matching,SBT BANCORP,SBT | BANCORP,False,0.5,PARTIAL_NAME_MATCH—MANUAL_REVIEW,MANUAL_REVIEW_COMPLETED,Reviewer decision merged from aaer_manual_review_only.csv.
0,REVIEW,,1354174,"SBT BANCORP, INC.",2015,90.91,1-Jun-15,AAER-3660,"First Bancorp, Anna Hollers and Teresa Nixon (Corrected Order) Release No. 34-75086, AAER-3660",https://www.sec.gov/files/litigation/admin/2015/34-75086.pdf,SEC AAER index + company-name candidate matching,SBT BANCORP,SBT | BANCORP,False,0.5,PARTIAL_NAME_MATCH—MANUAL_REVIEW,MANUAL_REVIEW_COMPLETED,Reviewer decision merged from aaer_manual_review_only.csv.
0,REVIEW,,749935,WINLAND ELECTRONICS INC,2013,89.47,22-Jul-13,AAER-3484,"China Intelligent Lighting and Electronics, Inc. and NIVS IntelliMedia Technology Group, Inc. Release No. LR-22755, AAER-3484 See Also: SEC Complaint",https://www.sec.gov/enforcement-litigation/litigation-releases/lr-22755 | https://www.sec.gov/files/litigation/complaints/2013/comp22755.pdf,SEC AAER index + company-name candidate matching,WINLAND ELECTRONICS,WINLAND | ELECTRONICS,False,0.5,PARTIAL_NAME_MATCH—MANUAL_REVIEW,MANUAL_REVIEW_COMPLETED,Reviewer decision merged from aaer_manual_review_only.csv.
0,REVIEW,,1605331,AB INTERNATIONAL GROUP CORP.,2010,93.75,7-Jun-10,AAER-3139,"China Yuchai International Limited Release No. 34-62235, AAER-3139",https://www.sec.gov/files/litigation/admin/2010/34-62235.pdf,SEC AAER index + company-name candidate matching,AB INTERNATIONAL GROUP,,False,0.0,WEAK_OR_FALSE_MATCH—MANUAL_REVIEW,AUTO_REJECT_OBVIOUS_MISMATCH,Candidate name contains only generic/short terms and the full legal entity was not found.
0,REVIEW,,1585790,"ADS WASTE HOLDINGS, INC.",2016,88.89,9-Mar-16,AAER-3752,"Westlands Water District, Thomas W. Birmingham and Louie David Ciapponi Release No. 33-10053, AAER-3752",https://www.sec.gov/files/litigation/admin/2016/33-10053.pdf,SEC AAER index + company-name candidate matching,ADS WASTE,ADS | WASTE,False,0.0,WEAK_OR_FALSE_MATCH—MANUAL_REVIEW,AUTO_REJECT_OBVIOUS_MISMATCH,No distinctive company-name token appears in the AAER title.
0,REVIEW,,1316644,"AEROGROW INTERNATIONAL, INC.",2020,90,4-Jun-20,AAER-4146,"Argo Group International Holdings, Ltd. Release No. 34-89009, AAER-4146",https://www.sec.gov/files/litigation/admin/2020/34-89009.pdf,SEC AAER index + company-name candidate matching,AEROGROW INTERNATIONAL,AEROGROW,False,0.0,WEAK_OR_FALSE_MATCH—MANUAL_REVIEW,AUTO_REJECT_OBVIOUS_MISMATCH,No distinctive company-name token appears in the AAER title.
0,LIKELY COMPANY MATCH,,105608,AG&E HOLDINGS INC.,2009,100,4-Jun-09,AAER-3023,"Angelo Mozilo, David Sambol, and Eric Sieracki Release No. LR-21068A, AAER-3023 See Also: SEC Complaint",https://www.sec.gov/enforcement-litigation/litigation-releases/lr-21068a | https://www.sec.gov/files/litigation/complaints/2009/comp21068.pdf,SEC AAER index + company-name candidate matching,AND E,,False,0.0,WEAK_OR_FALSE_MATCH—MANUAL_REVIEW,AUTO_REJECT_OBVIOUS_MISMATCH,Candidate name contains only generic/short terms and the full legal entity was not found.
0,LIKELY COMPANY MATCH,,105608,AG&E HOLDINGS INC.,2011,100,27-Jun-11,AAER-3306,"Dohan + Company CPA, Steven H. Dohan, CPA, Nancy L. Brown, CPA, and Erez Bahar, CA Carol Fox Foelak, Administrative Law Judge Release No. 420, 34-64970, AAER-3306 See Also: Finality Order, Release No. 34-64970",https://www.sec.gov/files/litigation/litreleases/2011/id420cff.pdf | https://www.sec.gov/files/litigation/litreleases/2011/34-64970.pdf,SEC AAER index + company-name candidate matching,AND E,,False,0.0,WEAK_OR_FALSE_MATCH—MANUAL_REVIEW,AUTO_REJECT_OBVIOUS_MISMATCH,Candidate name contains only generic/short terms and the full legal entity was not found.
0,LIKELY COMPANY MATCH,,105608,AG&E HOLDINGS INC.,2013,100,22-Jul-13,AAER-3484,"China Intelligent Lighting and Electronics, Inc. and NIVS IntelliMedia Technology Group, Inc. Release No. LR-22755, AAER-3484 See Also: SEC Complaint",https://www.sec.gov/enforcement-litigation/litigation-releases/lr-22755 | https://www.sec.gov/files/litigation/complaints/2013/comp22755.pdf,SEC AAER index + company-name candidate matching,AND E,,False,0.0,WEAK_OR_FALSE_MATCH—MANUAL_REVIEW,AUTO_REJECT_OBVIOUS_MISMATCH,Candidate name contains only generic/short terms and the full legal entity was not found.
0,LIKELY COMPANY MATCH,,105608,AG&E HOLDINGS INC.,2015,100,7-May-15,AAER-3655,"Gruber & Company LLC and Edward Randall Gruber (CPA) Release No. 34-74904, AAER-3655",https://www.sec.gov/files/litigation/admin/2015/34-74904.pdf,SEC AAER index + company-name candidate matching,AND E,,False,0.0,WEAK_OR_FALSE_MATCH—MANUAL_REVIEW,AUTO_REJECT_OBVIOUS_MISMATCH,Candidate name contains only generic/short terms and the full legal entity was not found.
0,LIKELY COMPANY MATCH,,105608,AG&E HOLDINGS INC.,2020,100,22-Apr-20,AAER-4130,"Berman & Company, P.A., and Elliot Berman CPA, Berman, Elliot R., CPA Berman & Company, P.A. Release No. 34-88731, AAER-4130",https://www.sec.gov/files/litigation/admin/2020/34-88731.pdf,SEC AAER index + company-name candidate matching,AND E,,False,0.0,WEAK_OR_FALSE_MATCH—MANUAL_REVIEW,AUTO_REJECT_OBVIOUS_MISMATCH,Candidate name contains only generic/short terms and the full legal entity was not found.
0,REVIEW,,1598323,AGRO CAPITAL MANAGEMENT CORP.,2015,91.3,8-Jul-15,AAER-3670,"Vero Capital Management, LLC Geiger, Robert Barbaresi, George Downey, Steven, CPA Release No. 34-75401, AAER-3670, IA-4138, IC-31710",https://www.sec.gov/files/litigation/admin/2015/34-75401.pdf,SEC AAER index + company-name candidate matching,AGRO CAPITAL MANAGEMENT,AGRO,False,0.0,WEAK_OR_FALSE_MATCH—MANUAL_REVIEW,AUTO_REJECT_OBVIOUS_MISMATCH,No distinctive company-name token appears in the AAER title.
0,REVIEW,,1289047,AI TECHNOLOGY GROUP INC.,2013,92.31,22-Jul-13,AAER-3484,"China Intelligent Lighting and Electronics, Inc. and NIVS IntelliMedia Technology Group, Inc. Release No. LR-22755, AAER-3484 See Also: SEC Complaint",https://www.sec.gov/enforcement-litigation/litigation-releases/lr-22755 | https://www.sec.gov/files/litigation/complaints/2013/comp22755.pdf,SEC AAER index + company-name candidate matching,AI TECHNOLOGY GROUP,,False,0.0,WEAK_OR_FALSE_MATCH—MANUAL_REVIEW,AUTO_REJECT_OBVIOUS_MISMATCH,Candidate name contains only generic/short terms and the full legal entity was not found.
0,REVIEW,,353184,AIR T INC,2015,88.89,9-Apr-15,AAER-3650,"AirTouch Communications, Inc. Kanakubo, Hideyuki Kaiser, Jerome, CPA Release No. 33-9744, 34-74691, AAER-3650",https://www.sec.gov/files/litigation/admin/2015/33-9744.pdf,SEC AAER index + company-name candidate matching,AIR T,AIR,False,0.0,WEAK_OR_FALSE_MATCH—MANUAL_REVIEW,AUTO_REJECT_OBVIOUS_MISMATCH,No distinctive company-name token appears in the AAER title.
0,REVIEW,,3499,ALEXANDERS INC,2022,90,5-May-22,AAER-4299,"Eric A. Alexander, CPA Release No. 34-94858, AAER-4299",https://www.sec.gov/files/litigation/admin/2022/34-94858.pdf,SEC AAER index + company-name candidate matching,ALEXANDERS,ALEXANDERS,False,0.0,WEAK_OR_FALSE_MATCH—MANUAL_REVIEW,AUTO_REJECT_OBVIOUS_MISMATCH,No distinctive company-name token appears in the AAER title.
0,REVIEW,,1374535,"ALTRA HOLDINGS, INC.",2018,88.89,24-Apr-18,AAER-3937,"Altaba Inc. and f/d/b/a Yahoo! Inc. Release No. 33-10485, 34-83096, AAER-3937",https://www.sec.gov/files/litigation/admin/2018/33-10485.pdf,SEC AAER index + company-name candidate matching,ALTRA,ALTRA,False,0.0,WEAK_OR_FALSE_MATCH—MANUAL_REVIEW,AUTO_REJECT_OBVIOUS_MISMATCH,No distinctive company-name token appears in the AAER title.
0,REVIEW,,790730,AMERON INTERNATIONAL CORP,2020,89.47,4-Jun-20,AAER-4146,"Argo Group International Holdings, Ltd. Release No. 34-89009, AAER-4146",https://www.sec.gov/files/litigation/admin/2020/34-89009.pdf,SEC AAER index + company-name candidate matching,AMERON INTERNATIONAL,AMERON,False,0.0,WEAK_OR_FALSE_MATCH—MANUAL_REVIEW,AUTO_REJECT_OBVIOUS_MISMATCH,No distinctive company-name token appears in the AAER title.
0,REVIEW,,821026,ANDERSONS INC,2014,88.89,8-Jul-14,AAER-3565,"Child, Van Wagoner & Bradshaw, PLLC Anderson, Russell E., CPA Van Wagoner, Marty, CPA Release No. 34-72557, AAER-3565",https://www.sec.gov/files/litigation/admin/2014/34-72557.pdf,SEC AAER index + company-name candidate matching,ANDERSONS,ANDERSONS,False,0.0,WEAK_OR_FALSE_MATCH—MANUAL_REVIEW,AUTO_REJECT_OBVIOUS_MISMATCH,No distinctive company-name token appears in the AAER title.
0,LIKELY COMPANY MATCH,,320193,APPLE INC,2011,100,5-Jul-11,AAER-3299,"John Raffle, David Applegate and Kathy Raffle Release No. LR-22027, AAER-3299 See Also: SEC Complaint",https://www.sec.gov/enforcement-litigation/litigation-releases/lr-22027 | https://www.sec.gov/files/litigation/complaints/2011/comp22027.pdf,SEC AAER index + company-name candidate matching,APPLE,APPLE,False,0.0,WEAK_OR_FALSE_MATCH—MANUAL_REVIEW,AUTO_REJECT_OBVIOUS_MISMATCH,No distinctive company-name token appears in the AAER title.
0,REVIEW,,1698702,ARION GROUP CORP.,2011,88.89,3-May-11,AAER-3275,"Aron R. Carr, CPA Release No. 34-64382, AAER-3275",https://www.sec.gov/files/litigation/admin/2011/34-64382.pdf,SEC AAER index + company-name candidate matching,ARION GROUP,ARION,False,0.0,WEAK_OR_FALSE_MATCH—MANUAL_REVIEW,AUTO_REJECT_OBVIOUS_MISMATCH,No distinctive company-name token appears in the AAER title.
0,LIKELY COMPANY MATCH,,1141107,ARRIS GROUP INC,2023,100,18-Jul-23,AAER-4431,"Kevin R. Harris, CPA Release No. 33-11212, AAER-4431, 34-97940",https://www.sec.gov/files/litigation/admin/2023/33-11212.pdf,SEC AAER index + company-name candidate matching,ARRIS GROUP,ARRIS,False,0.0,WEAK_OR_FALSE_MATCH—MANUAL_REVIEW,AUTO_REJECT_OBVIOUS_MISMATCH,No distinctive company-name token appears in the AAER title.
0,REVIEW,,1421819,"AS CAPITAL, INC.",2017,90,19-Jul-17,AAER-3883,"Enviso Capital, LLC, Ryan Bowers and Jeffrey Laberge, CPA Release No. 34-81173, IA-4731, IC-32737, AAER-3883 See Also: Administrative Summary",https://www.sec.gov/files/litigation/admin/2017/34-81173.pdf | https://www.sec.gov/files/litigation/admin/2017/34-81173-s.pdf,SEC AAER index + company-name candidate matching,AS CAPITAL,,False,0.0,WEAK_OR_FALSE_MATCH—MANUAL_REVIEW,AUTO_REJECT_OBVIOUS_MISMATCH,Candidate name contains only generic/short terms and the full legal entity was not found.
0,REVIEW,,1421819,"AS CAPITAL, INC.",2020,90,22-May-20,AAER-4144,"TSP Capital Management Group, LLC Release No. IA-5508, AAER-4144 See Also: Administrative Summary",https://www.sec.gov/files/litigation/admin/2020/ia-5508.pdf | https://www.sec.gov/enforce/ia-5508-s,SEC AAER index + company-name candidate matching,AS CAPITAL,,False,0.0,WEAK_OR_FALSE_MATCH—MANUAL_REVIEW,AUTO_REJECT_OBVIOUS_MISMATCH,Candidate name contains only generic/short terms and the full legal entity was not found.
0,REVIEW,,945989,ASTEA INTERNATIONAL INC,2010,89.47,11-May-10,AAER-3134,"Diatect International Corp., et al. Release No. LR-21524, AAER-3134",https://www.sec.gov/enforcement-litigation/litigation-releases/lr-21524,SEC AAER index + company-name candidate matching,ASTEA INTERNATIONAL,ASTEA,False,0.0,WEAK_OR_FALSE_MATCH—MANUAL_REVIEW,AUTO_REJECT_OBVIOUS_MISMATCH,No distinctive company-name token appears in the AAER title.
0,REVIEW,,350698,"AUTONATION, INC.",2011,90,3-May-11,AAER-3274,"Rockwell Automation, Inc. Release No. 34-64380, AAER-3274",https://www.sec.gov/files/litigation/admin/2011/34-64380.pdf,SEC AAER index + company-name candidate matching,AUTONATION,AUTONATION,False,0.0,WEAK_OR_FALSE_MATCH—MANUAL_REVIEW,AUTO_REJECT_OBVIOUS_MISMATCH,No distinctive company-name token appears in the AAER title.
0,REVIEW,,1591565,"BALLY, CORP.",2011,88.89,24-Mar-11,AAER-3255,"Ball Corporation Release No. 34-64123, AAER-3255",https://www.sec.gov/files/litigation/admin/2011/34-64123.pdf,SEC AAER index + company-name candidate matching,BALLY,BALLY,False,0.0,WEAK_OR_FALSE_MATCH—MANUAL_REVIEW,AUTO_REJECT_OBVIOUS_MISMATCH,No distinctive company-name token appears in the AAER title.
0,REVIEW,,1562201,"BASTA HOLDINGS, CORP.",2021,88.89,29-Apr-21,AAER-4215,"Asta Funding, Inc. Release No. 34-91718, AAER-4215",https://www.sec.gov/files/litigation/admin/2021/34-91718.pdf,SEC AAER index + company-name candidate matching,BASTA,BASTA,False,0.0,WEAK_OR_FALSE_MATCH—MANUAL_REVIEW,AUTO_REJECT_OBVIOUS_MISMATCH,No distinctive company-name token appears in the AAER title.
0,REVIEW,,1134765,"BAZI INTERNATIONAL, INC.",2009,88.89,4-Jun-09,AAER-2984,"Dyadic International, Inc. Release No. 34-60047, AAER-2984",https://www.sec.gov/files/litigation/admin/2009/34-60047.pdf,SEC AAER index + company-name candidate matching,BAZI INTERNATIONAL,BAZI,False,0.0,WEAK_OR_FALSE_MATCH—MANUAL_REVIEW,AUTO_REJECT_OBVIOUS_MISMATCH,No distinctive company-name token appears in the AAER title.
0,REVIEW,,1438884,BE RESOURCES INC.,2016,91.67,10-Mar-16,AAER-3756,"Magnum Hunter Resources Corporation Release No. 34-77345, AAER-3756",https://www.sec.gov/files/litigation/admin/2016/34-77345.pdf,SEC AAER index + company-name candidate matching,BE RESOURCES,,False,0.0,WEAK_OR_FALSE_MATCH—MANUAL_REVIEW,AUTO_REJECT_OBVIOUS_MISMATCH,Candidate name contains only generic/short terms and the full legal entity was not found.
0,REVIEW,,1438884,BE RESOURCES INC.,2021,91.67,29-Apr-21,AAER-4212,"Fortem Resources, Inc. Release No. 34-91715, AAER-4212",https://www.sec.gov/files/litigation/admin/2021/34-91715.pdf,SEC AAER index + company-name candidate matching,BE RESOURCES,,False,0.0,WEAK_OR_FALSE_MATCH—MANUAL_REVIEW,AUTO_REJECT_OBVIOUS_MISMATCH,Candidate name contains only generic/short terms and the full legal entity was not found.
0,REVIEW,,1431074,"BERGIO INTERNATIONAL, INC.",2020,89.47,4-Jun-20,AAER-4146,"Argo Group International Holdings, Ltd. Release No. 34-89009, AAER-4146",https://www.sec.gov/files/litigation/admin/2020/34-89009.pdf,SEC AAER index + company-name candidate matching,BERGIO INTERNATIONAL,BERGIO,False,0.0,WEAK_OR_FALSE_MATCH—MANUAL_REVIEW,AUTO_REJECT_OBVIOUS_MISMATCH,No distinctive company-name token appears in the AAER title.
0,REVIEW,,1739174,BIOMX INC.,2012,88.89,26-Mar-12,AAER-3374,"Biomet, Inc. Release No. LR-22306, AAER-3374 See Also: SEC Complaint",https://www.sec.gov/enforcement-litigation/litigation-releases/lr-22306 | https://www.sec.gov/files/litigation/complaints/2012/comp22306.pdf,SEC AAER index + company-name candidate matching,BIOMX,BIOMX,False,0.0,WEAK_OR_FALSE_MATCH—MANUAL_REVIEW,AUTO_REJECT_OBVIOUS_MISMATCH,No distinctive company-name token appears in the AAER title.
0,REVIEW,,1504167,BIOPHARMX CORP,2017,88.89,10-Apr-17,AAER-3865,"Galena Biopharma, Inc. and Mark J. Ahn Release No. 33-10337, 34-80407, AAER-3865",https://www.sec.gov/files/litigation/admin/2017/33-10337.pdf,SEC AAER index + company-name candidate matching,BIOPHARMX,BIOPHARMX,False,0.0,WEAK_OR_FALSE_MATCH—MANUAL_REVIEW,AUTO_REJECT_OBVIOUS_MISMATCH,No distinctive company-name token appears in the AAER title.
0,REVIEW,,746598,BRADY CORP,2010,88.89,30-Jul-10,AAER-3162,"Brad A. Morrice et al. Release No. LR-21609, AAER-3162",https://www.sec.gov/enforcement-litigation/litigation-releases/lr-21609,SEC AAER index + company-name candidate matching,BRADY,BRADY,False,0.0,WEAK_OR_FALSE_MATCH—MANUAL_REVIEW,AUTO_REJECT_OBVIOUS_MISMATCH,No distinctive company-name token appears in the AAER title.
0,REVIEW,,1267130,CABELAS INC,2016,92.31,26-Apr-16,AAER-3770,"Cabela's Incorporated and Ralph W. Castner, CPA Release No. 34-77717, AAER-3770 See Also: Administrative Summary",https://www.sec.gov/files/litigation/admin/2016/34-77717.pdf | https://www.sec.gov/files/litigation/admin/2016/34-77717-s.pdf,SEC AAER index + company-name candidate matching,CABELAS,CABELAS,False,0.0,WEAK_OR_FALSE_MATCH—MANUAL_REVIEW,AUTO_REJECT_OBVIOUS_MISMATCH,No distinctive company-name token appears in the AAER title.
0,REVIEW,,16058,CACI INTERNATIONAL INC /DE/,2010,90.48,7-Jun-10,AAER-3139,"China Yuchai International Limited Release No. 34-62235, AAER-3139",https://www.sec.gov/files/litigation/admin/2010/34-62235.pdf,SEC AAER index + company-name candidate matching,CACI INTERNATIONAL DE,CACI,False,0.0,WEAK_OR_FALSE_MATCH—MANUAL_REVIEW,AUTO_REJECT_OBVIOUS_MISMATCH,No distinctive company-name token appears in the AAER title.
0,REVIEW,,1388430,"CAI INTERNATIONAL, INC.",2010,94.12,7-Jun-10,AAER-3139,"China Yuchai International Limited Release No. 34-62235, AAER-3139",https://www.sec.gov/files/litigation/admin/2010/34-62235.pdf,SEC AAER index + company-name candidate matching,CAI INTERNATIONAL,CAI,False,0.0,WEAK_OR_FALSE_MATCH—MANUAL_REVIEW,AUTO_REJECT_OBVIOUS_MISMATCH,No distinctive company-name token appears in the AAER title.
0,REVIEW,,1479750,CAPITAL BANK FINANCIAL CORP.,2013,88.37,24-Apr-13,AAER-3456,"Capital One Financial Corporation, Peter A. Schnall, and David A. LaGassa Release No. 34-69442, AAER-3456",https://www.sec.gov/files/litigation/admin/2013/34-69442.pdf,SEC AAER index + company-name candidate matching,CAPITAL BANK FINANCIAL,BANK,False,0.0,WEAK_OR_FALSE_MATCH—MANUAL_REVIEW,AUTO_REJECT_OBVIOUS_MISMATCH,No distinctive company-name token appears in the AAER title.
0,LIKELY COMPANY MATCH,,703339,"CAPITAL GROUP HOLDINGS, INC.",2009,100,21-May-09,AAER-2973,"TMT Capital Corporation Release No. 34-59959, AAER-2973",https://www.sec.gov/files/litigation/admin/2009/34-59959.pdf,SEC AAER index + company-name candidate matching,CAPITAL GROUP,,False,0.0,WEAK_OR_FALSE_MATCH—MANUAL_REVIEW,AUTO_REJECT_OBVIOUS_MISMATCH,Candidate name contains only generic/short terms and the full legal entity was not found.
0,LIKELY COMPANY MATCH,,703339,"CAPITAL GROUP HOLDINGS, INC.",2013,100,24-Apr-13,AAER-3456,"Capital One Financial Corporation, Peter A. Schnall, and David A. LaGassa Release No. 34-69442, AAER-3456",https://www.sec.gov/files/litigation/admin/2013/34-69442.pdf,SEC AAER index + company-name candidate matching,CAPITAL GROUP,,False,0.0,WEAK_OR_FALSE_MATCH—MANUAL_REVIEW,AUTO_REJECT_OBVIOUS_MISMATCH,Candidate name contains only generic/short terms and the full legal entity was not found.
0,LIKELY COMPANY MATCH,,703339,"CAPITAL GROUP HOLDINGS, INC.",2013,100,28-Jun-13,AAER-3468,"LPB Capital d/b/a Family Office Group, LLC and Gary J. Pappas (Order Dismissing Proceedings) Release No. 34-69885, IA-3619, AAER-3468",https://www.sec.gov/files/litigation/opinions/2013/34-69885.pdf,SEC AAER index + company-name candidate matching,CAPITAL GROUP,,False,0.0,WEAK_OR_FALSE_MATCH—MANUAL_REVIEW,AUTO_REJECT_OBVIOUS_MISMATCH,Candidate name contains only generic/short terms and the full legal entity was not found.
0,LIKELY COMPANY MATCH,,703339,"CAPITAL GROUP HOLDINGS, INC.",2015,100,8-Jul-15,AAER-3670,"Vero Capital Management, LLC Geiger, Robert Barbaresi, George Downey, Steven, CPA Release No. 34-75401, AAER-3670, IA-4138, IC-31710",https://www.sec.gov/files/litigation/admin/2015/34-75401.pdf,SEC AAER index + company-name candidate matching,CAPITAL GROUP,,False,0.0,WEAK_OR_FALSE_MATCH—MANUAL_REVIEW,AUTO_REJECT_OBVIOUS_MISMATCH,Candidate name contains only generic/short terms and the full legal entity was not found.
0,LIKELY COMPANY MATCH,,703339,"CAPITAL GROUP HOLDINGS, INC.",2016,100,30-Mar-16,AAER-3761,"Burrill Capital Management, et al. Release No. 34-77473, AAER-3761, IA-4360, IC-32060",https://www.sec.gov/files/litigation/admin/2016/34-77473.pdf,SEC AAER index + company-name candidate matching,CAPITAL GROUP,,False,0.0,WEAK_OR_FALSE_MATCH—MANUAL_REVIEW,AUTO_REJECT_OBVIOUS_MISMATCH,Candidate name contains only generic/short terms and the full legal entity was not found.
0,LIKELY COMPANY MATCH,,703339,"CAPITAL GROUP HOLDINGS, INC.",2016,100,10-Jun-16,AAER-3783,"ICON Capital LLC f/k/a ICON Capital Corporation Release No. 34-78030, AAER-3783 See Also: Administrative Summary",https://www.sec.gov/files/litigation/admin/2016/34-78030.pdf | https://www.sec.gov/files/litigation/admin/2016/34-78030-s.pdf,SEC AAER index + company-name candidate matching,CAPITAL GROUP,,False,0.0,WEAK_OR_FALSE_MATCH—MANUAL_REVIEW,AUTO_REJECT_OBVIOUS_MISMATCH,Candidate name contains only generic/short terms and the full legal entity was not found.
0,LIKELY COMPANY MATCH,,703339,"CAPITAL GROUP HOLDINGS, INC.",2017,100,19-Jul-17,AAER-3883,"Enviso Capital, LLC, Ryan Bowers and Jeffrey Laberge, CPA Release No. 34-81173, IA-4731, IC-32737, AAER-3883 See Also: Administrative Summary",https://www.sec.gov/files/litigation/admin/2017/34-81173.pdf | https://www.sec.gov/files/litigation/admin/2017/34-81173-s.pdf,SEC AAER index + company-name candidate matching,CAPITAL GROUP,,False,0.0,WEAK_OR_FALSE_MATCH—MANUAL_REVIEW,AUTO_REJECT_OBVIOUS_MISMATCH,Candidate name contains only generic/short terms and the full legal entity was not found.
0,LIKELY COMPANY MATCH,,703339,"CAPITAL GROUP HOLDINGS, INC.",2020,100,22-May-20,AAER-4144,"TSP Capital Management Group, LLC Release No. IA-5508, AAER-4144 See Also: Administrative Summary",https://www.sec.gov/files/litigation/admin/2020/ia-5508.pdf | https://www.sec.gov/enforce/ia-5508-s,SEC AAER index + company-name candidate matching,CAPITAL GROUP,,False,0.0,WEAK_OR_FALSE_MATCH—MANUAL_REVIEW,AUTO_REJECT_OBVIOUS_MISMATCH,Candidate name contains only generic/short terms and the full legal entity was not found.
0,REVIEW,,1530721,CAPRI HOLDINGS LTD,2013,88.89,24-Apr-13,AAER-3456,"Capital One Financial Corporation, Peter A. Schnall, and David A. LaGassa Release No. 34-69442, AAER-3456",https://www.sec.gov/files/litigation/admin/2013/34-69442.pdf,SEC AAER index + company-name candidate matching,CAPRI,CAPRI,False,0.0,WEAK_OR_FALSE_MATCH—MANUAL_REVIEW,AUTO_REJECT_OBVIOUS_MISMATCH,No distinctive company-name token appears in the AAER title.
0,LIKELY COMPANY MATCH,,1061393,CH ENERGY GROUP INC,2012,100,23-Apr-12,AAER-3383,"SinoTech Energy Limited, Qingzeng Liu, Guoqiang Xin, and Boxun Zhang Release No. LR-22341, AAER-3383",https://www.sec.gov/enforcement-litigation/litigation-releases/lr-22341,SEC AAER index + company-name candidate matching,CH ENERGY GROUP,,False,0.0,WEAK_OR_FALSE_MATCH—MANUAL_REVIEW,AUTO_REJECT_OBVIOUS_MISMATCH,Candidate name contains only generic/short terms and the full legal entity was not found.
0,LIKELY COMPANY MATCH,,1701040,CISION LTD.,2015,100,20-Mar-15,AAER-3643,"BDO China Dahua CPA Co., Ltd., et al. (Order Granting the Division of Enforcement's Unopposed Motion to Withdraw Its Petition for Review as to Dahua CPA, Ltd. and Notice That Initial Decision Has Become Final as to Dahua CPA, Ltd.) Release No. 34-74552, AAER-3643",https://www.sec.gov/files/litigation/opinions/2015/34-74552.pdf,SEC AAER index + company-name candidate matching,CISION,CISION,False,0.0,WEAK_OR_FALSE_MATCH—MANUAL_REVIEW,AUTO_REJECT_OBVIOUS_MISMATCH,No distinctive company-name token appears in the AAER title.
0,LIKELY COMPANY MATCH,,1701040,CISION LTD.,2022,100,5-May-22,AAER-4298,"Gregory A. Wahl, CPA, Michael Deutchman, CPA and Georgia Chung, CPA (Order Extending Time to Issue Decision) Release No. 34-94854, AAER-4298",https://www.sec.gov/files/litigation/opinions/2022/34-94854.pdf,SEC AAER index + company-name candidate matching,CISION,CISION,False,0.0,WEAK_OR_FALSE_MATCH—MANUAL_REVIEW,AUTO_REJECT_OBVIOUS_MISMATCH,No distinctive company-name token appears in the AAER title.
0,LIKELY COMPANY MATCH,,1701040,CISION LTD.,2023,100,1-May-23,AAER-4404,"Gregory A. Wahl, CPA, Michael Deutchman, CPA and Georgia Chung, CPA (ORDER EXTENDING TIME TO ISSUE DECISION) Release No. 34-97413, AAER-4404",https://www.sec.gov/files/litigation/opinions/2023/34-97413.pdf,SEC AAER index + company-name candidate matching,CISION,CISION,False,0.0,WEAK_OR_FALSE_MATCH—MANUAL_REVIEW,AUTO_REJECT_OBVIOUS_MISMATCH,No distinctive company-name token appears in the AAER title.
0,REVIEW,,1552493,CNH CAPITAL LLC,2016,90.91,10-Jun-16,AAER-3783,"ICON Capital LLC f/k/a ICON Capital Corporation Release No. 34-78030, AAER-3783 See Also: Administrative Summary",https://www.sec.gov/files/litigation/admin/2016/34-78030.pdf | https://www.sec.gov/files/litigation/admin/2016/34-78030-s.pdf,SEC AAER index + company-name candidate matching,CNH CAPITAL,CNH,False,0.0,WEAK_OR_FALSE_MATCH—MANUAL_REVIEW,AUTO_REJECT_OBVIOUS_MISMATCH,No distinctive company-name token appears in the AAER title.
0,REVIEW,,1187449,CNK GLOBAL INC.,2016,90,15-Mar-16,AAER-3758,"ModusLink Global  Solutions, et al. Release No. 33-10055, 34-77372, AAER-3758 See Also: Administrative Summary",https://www.sec.gov/files/litigation/admin/2016/33-10055.pdf | https://www.sec.gov/files/litigation/admin/2016/33-10055-s.pdf,SEC AAER index + company-name candidate matching,CNK GLOBAL,CNK,False,0.0,WEAK_OR_FALSE_MATCH—MANUAL_REVIEW,AUTO_REJECT_OBVIOUS_MISMATCH,No distinctive company-name token appears in the AAER title.
0,REVIEW,,1399352,"COOL TECHNOLOGIES, INC.",2010,88.24,7-Apr-10,AAER-3126,"Symbol Technologies, Inc., et al. Release No. LR-21480, AAER-3126",https://www.sec.gov/enforcement-litigation/litigation-releases/lr-21480,SEC AAER index + company-name candidate matching,COOL TECHNOLOGIES,COOL,False,0.0,WEAK_OR_FALSE_MATCH—MANUAL_REVIEW,AUTO_REJECT_OBVIOUS_MISMATCH,No distinctive company-name token appears in the AAER title.
0,REVIEW,,1479915,CQENS TECHNOLOGIES INC.,2010,88.89,9-Jun-10,AAER-3142,"Lucent Technologies, Inc., et al. Release No. LR-21551, AAER-3142",https://www.sec.gov/enforcement-litigation/litigation-releases/lr-21551,SEC AAER index + company-name candidate matching,CQENS TECHNOLOGIES,CQENS,False,0.0,WEAK_OR_FALSE_MATCH—MANUAL_REVIEW,AUTO_REJECT_OBVIOUS_MISMATCH,No distinctive company-name token appears in the AAER title.
0,REVIEW,,1696411,CRONA CORP.,2012,88.89,19-Jun-12,AAER-3390,"Ronald J. Mangini, CPA Release No. 34-67219, AAER-3390",https://www.sec.gov/files/litigation/admin/2012/34-67219.pdf,SEC AAER index + company-name candidate matching,CRONA,CRONA,False,0.0,WEAK_OR_FALSE_MATCH—MANUAL_REVIEW,AUTO_REJECT_OBVIOUS_MISMATCH,No distinctive company-name token appears in the AAER title.
0,REVIEW,,1696411,CRONA CORP.,2016,88.89,10-Mar-16,AAER-3757,"Ronald D. Ormand Release No. 34-77346, AAER-3757",https://www.sec.gov/files/litigation/admin/2016/34-77346.pdf,SEC AAER index + company-name candidate matching,CRONA,CRONA,False,0.0,WEAK_OR_FALSE_MATCH—MANUAL_REVIEW,AUTO_REJECT_OBVIOUS_MISMATCH,No distinctive company-name token appears in the AAER title.
0,REVIEW,,1696411,CRONA CORP.,2020,88.89,20-Mar-20,AAER-4120,"Ronald Emma, CPA Release No. 34-88432, AAER-4120",https://www.sec.gov/files/litigation/admin/2020/34-88432.pdf,SEC AAER index + company-name candidate matching,CRONA,CRONA,False,0.0,WEAK_OR_FALSE_MATCH—MANUAL_REVIEW,AUTO_REJECT_OBVIOUS_MISMATCH,No distinctive company-name token appears in the AAER title.
0,REVIEW,,1696411,CRONA CORP.,2022,88.89,7-Jun-22,AAER-4308,"Ronald Prague, Esq. Release No. 34-95055, AAER-4308",https://www.sec.gov/files/litigation/admin/2022/34-95055.pdf,SEC AAER index + company-name candidate matching,CRONA,CRONA,False,0.0,WEAK_OR_FALSE_MATCH—MANUAL_REVIEW,AUTO_REJECT_OBVIOUS_MISMATCH,No distinctive company-name token appears in the AAER title.
0,REVIEW,,1571996,DELL TECHNOLOGIES INC.,2018,94.12,27-Mar-18,AAER-3932,"Maxwell Technologies, Inc., et al. Release No. 33-10472, 34-82950, AAER-3932",https://www.sec.gov/files/litigation/admin/2018/33-10472.pdf,SEC AAER index + company-name candidate matching,DELL TECHNOLOGIES,DELL,False,0.0,WEAK_OR_FALSE_MATCH—MANUAL_REVIEW,AUTO_REJECT_OBVIOUS_MISMATCH,No distinctive company-name token appears in the AAER title.
0,REVIEW,,1534263,DINO ENERGY CORP,2020,90.91,28-Apr-20,AAER-4133,"Penn West Petroleum Ltd., d/b/a Obsidian Energy Ltd., Todd H. Takeyasu, Jeffery A. Curran, and Waldemar Grab Release No. LR-24809, AAER-4133 See Also: SEC Complaint",https://www.sec.gov/enforcement-litigation/litigation-releases/lr-24809 | https://www.sec.gov/files/litigation/complaints/2020/comp24809.pdf,SEC AAER index + company-name candidate matching,DINO ENERGY,DINO,False,0.0,WEAK_OR_FALSE_MATCH—MANUAL_REVIEW,AUTO_REJECT_OBVIOUS_MISMATCH,No distinctive company-name token appears in the AAER title.
0,REVIEW,,1601602,"DS SERVICES HOLDINGS, INC.",2015,90.91,1-Jul-15,AAER-3668,"Deloitte & Touche LLP, ALPS Fund Services, Inc. and Andrew C. Boynton Release No. 34-75343, IC-31703, AAER-3668",https://www.sec.gov/files/litigation/admin/2015/34-75343.pdf,SEC AAER index + company-name candidate matching,DS SERVICES,,False,0.0,WEAK_OR_FALSE_MATCH—MANUAL_REVIEW,AUTO_REJECT_OBVIOUS_MISMATCH,Candidate name contains only generic/short terms and the full legal entity was not found.
0,REVIEW,,1396536,"DUOS TECHNOLOGIES GROUP, INC.",2022,88.24,7-Jun-22,AAER-4302,"Synchronoss Technologies, Inc. Release No. 34-95049, AAER-4302",https://www.sec.gov/files/litigation/admin/2022/34-95049.pdf,SEC AAER index + company-name candidate matching,DUOS TECHNOLOGIES GROUP,DUOS,False,0.0,WEAK_OR_FALSE_MATCH—MANUAL_REVIEW,AUTO_REJECT_OBVIOUS_MISMATCH,No distinctive company-name token appears in the AAER title.
0,REVIEW,,1347123,"EBR SYSTEMS, INC.",2010,90.91,5-May-10,AAER-3131,"Spongetech Delivery Systems, Inc., RM Enterprises International, Inc., Steven Y. Moskowitz, Michael E. Metter, George Speranza, Joel Pensley and Jack Halperin Release No. LR-21515, AAER-3131 See Also: SEC Complaint",https://www.sec.gov/enforcement-litigation/litigation-releases/lr-21515 | https://www.sec.gov/files/litigation/complaints/2010/comp21515.pdf,SEC AAER index + company-name candidate matching,EBR SYSTEMS,EBR,False,0.0,WEAK_OR_FALSE_MATCH—MANUAL_REVIEW,AUTO_REJECT_OBVIOUS_MISMATCH,No distinctive company-name token appears in the AAER title.
0,LIKELY COMPANY MATCH,,1658433,EMEDIA GROUP INC.,2013,100,2-Jul-13,AAER-3470,"James M. Schneider (Order Denying Motion or in the Alternative Application to Modify Commission Order Imposing Remedial Sanction) Release No. 34-69922, AAER-3470",https://www.sec.gov/files/litigation/opinions/2013/34-69922.pdf,SEC AAER index + company-name candidate matching,EMEDIA GROUP,EMEDIA,False,0.0,WEAK_OR_FALSE_MATCH—MANUAL_REVIEW,AUTO_REJECT_OBVIOUS_MISMATCH,No distinctive company-name token appears in the AAER title.
0,LIKELY COMPANY MATCH,,1658433,EMEDIA GROUP INC.,2014,100,17-Jul-14,AAER-3568,"James M. Schneider, CPA (Order Denying Motion Or, in the Alternative, Application for Modification of Commission Order Imposing Remedial Sanctions) Release No. 34-72639, AAER-3568",https://www.sec.gov/files/litigation/opinions/2014/34-72639.pdf,SEC AAER index + company-name candidate matching,EMEDIA GROUP,EMEDIA,False,0.0,WEAK_OR_FALSE_MATCH—MANUAL_REVIEW,AUTO_REJECT_OBVIOUS_MISMATCH,No distinctive company-name token appears in the AAER title.
0,REVIEW,,1410708,EMO CAPITAL CORP.,2015,90.91,8-Jul-15,AAER-3670,"Vero Capital Management, LLC Geiger, Robert Barbaresi, George Downey, Steven, CPA Release No. 34-75401, AAER-3670, IA-4138, IC-31710",https://www.sec.gov/files/litigation/admin/2015/34-75401.pdf,SEC AAER index + company-name candidate matching,EMO CAPITAL,EMO,False,0.0,WEAK_OR_FALSE_MATCH—MANUAL_REVIEW,AUTO_REJECT_OBVIOUS_MISMATCH,No distinctive company-name token appears in the AAER title.
0,LIKELY COMPANY MATCH,,33002,"ENNIS, INC.",2009,100,30-Mar-09,AAER-2958,"Dennis Kavelman, C.A. and Arcangelo Loberto, C.A. Release No. 34-59648, AAER-2958",https://www.sec.gov/files/litigation/admin/2009/34-59648.pdf,SEC AAER index + company-name candidate matching,ENNIS,ENNIS,False,0.0,WEAK_OR_FALSE_MATCH—MANUAL_REVIEW,AUTO_REJECT_OBVIOUS_MISMATCH,No distinctive company-name token appears in the AAER title.
0,LIKELY COMPANY MATCH,,33002,"ENNIS, INC.",2009,100,14-Jul-09,AAER-3010,"L. Dennis Kozlowski, Mark H. Swartz, and Mark A. Belnick Release No. LR-21129, AAER-3010",https://www.sec.gov/enforcement-litigation/litigation-releases/lr-21129,SEC AAER index + company-name candidate matching,ENNIS,ENNIS,False,0.0,WEAK_OR_FALSE_MATCH—MANUAL_REVIEW,AUTO_REJECT_OBVIOUS_MISMATCH,No distinctive company-name token appears in the AAER title.
0,LIKELY COMPANY MATCH,,33002,"ENNIS, INC.",2009,100,28-Jul-09,AAER-3020,"Avery Dennison Corporation Release No. LR-21156, AAER-3020 See Also: SEC Complaint",https://www.sec.gov/enforcement-litigation/litigation-releases/lr-21156 | https://www.sec.gov/files/litigation/complaints/2009/comp21156.pdf,SEC AAER index + company-name candidate matching,ENNIS,ENNIS,False,0.0,WEAK_OR_FALSE_MATCH—MANUAL_REVIEW,AUTO_REJECT_OBVIOUS_MISMATCH,No distinctive company-name token appears in the AAER title.
0,LIKELY COMPANY MATCH,,33002,"ENNIS, INC.",2009,100,28-Jul-09,AAER-3021,"Avery Dennison Corporation Release No. 34-60393, AAER-3021",https://www.sec.gov/files/litigation/admin/2009/34-60393.pdf,SEC AAER index + company-name candidate matching,ENNIS,ENNIS,False,0.0,WEAK_OR_FALSE_MATCH—MANUAL_REVIEW,AUTO_REJECT_OBVIOUS_MISMATCH,No distinctive company-name token appears in the AAER title.
0,LIKELY COMPANY MATCH,,33002,"ENNIS, INC.",2011,100,11-May-11,AAER-3279,"Michael Baker Corporation, John Scullin and Dennis Higgins Release No. LR-21962, AAER-3279 See Also: SEC Complaint",https://www.sec.gov/enforcement-litigation/litigation-releases/lr-21962 | https://www.sec.gov/files/litigation/complaints/2011/comp21962.pdf,SEC AAER index + company-name candidate matching,ENNIS,ENNIS,False,0.0,WEAK_OR_FALSE_MATCH—MANUAL_REVIEW,AUTO_REJECT_OBVIOUS_MISMATCH,No distinctive company-name token appears in the AAER title.
0,REVIEW,,1420800,ENOVIS CORP,2017,90.91,19-Jul-17,AAER-3883,"Enviso Capital, LLC, Ryan Bowers and Jeffrey Laberge, CPA Release No. 34-81173, IA-4731, IC-32737, AAER-3883 See Also: Administrative Summary",https://www.sec.gov/files/litigation/admin/2017/34-81173.pdf | https://www.sec.gov/files/litigation/admin/2017/34-81173-s.pdf,SEC AAER index + company-name candidate matching,ENOVIS,ENOVIS,False,0.0,WEAK_OR_FALSE_MATCH—MANUAL_REVIEW,AUTO_REJECT_OBVIOUS_MISMATCH,No distinctive company-name token appears in the AAER title.
0,REVIEW,,1419583,"EOS PETRO, INC.",2020,88.89,28-Apr-20,AAER-4133,"Penn West Petroleum Ltd., d/b/a Obsidian Energy Ltd., Todd H. Takeyasu, Jeffery A. Curran, and Waldemar Grab Release No. LR-24809, AAER-4133 See Also: SEC Complaint",https://www.sec.gov/enforcement-litigation/litigation-releases/lr-24809 | https://www.sec.gov/files/litigation/complaints/2020/comp24809.pdf,SEC AAER index + company-name candidate matching,EOS PETRO,EOS | PETRO,False,0.0,WEAK_OR_FALSE_MATCH—MANUAL_REVIEW,AUTO_REJECT_OBVIOUS_MISMATCH,No distinctive company-name token appears in the AAER title.
0,REVIEW,,1318568,EVERI HOLDINGS INC.,2010,88.89,3-Mar-10,AAER-3117,"Verint Systems Inc. Release No. LR-21428, AAER-3117 See Also: SEC Complaint against Verint , Administrative Proceedings Release",https://www.sec.gov/enforcement-litigation/litigation-releases/lr-21428 | https://www.sec.gov/files/litigation/complaints/2010/comp21428.pdf | https://www.sec.gov/files/litigation/admin/2010/34-61635.pdf,SEC AAER index + company-name candidate matching,EVERI,EVERI,False,0.0,WEAK_OR_FALSE_MATCH—MANUAL_REVIEW,AUTO_REJECT_OBVIOUS_MISMATCH,No distinctive company-name token appears in the AAER title.
0,REVIEW,,1318568,EVERI HOLDINGS INC.,2010,88.89,3-Mar-10,AAER-3117,"Verint Systems Inc. Release No. 34-61635, AAER-3117",https://www.sec.gov/files/litigation/admin/2010/34-61635.pdf,SEC AAER index + company-name candidate matching,EVERI,EVERI,False,0.0,WEAK_OR_FALSE_MATCH—MANUAL_REVIEW,AUTO_REJECT_OBVIOUS_MISMATCH,No distinctive company-name token appears in the AAER title.
0,LIKELY COMPANY MATCH,,1483510,"EXPRESS, INC.",2013,100,20-Jun-13,AAER-3479,"China MediaExpress Holdings, Inc. and Zheng Cheng Release No. LR-22731, AAER-3479 See Also: SEC Complaint",https://www.sec.gov/enforcement-litigation/litigation-releases/lr-22731 | https://www.sec.gov/files/litigation/complaints/2013/comp22731.pdf,SEC AAER index + company-name candidate matching,EXPRESS,EXPRESS,False,0.0,WEAK_OR_FALSE_MATCH—MANUAL_REVIEW,AUTO_REJECT_OBVIOUS_MISMATCH,No distinctive company-name token appears in the AAER title.
0,REVIEW,,724571,FREDS INC,2019,88.89,29-Mar-19,AAER-4033,"Fresenius Medical Care AG & Co. KGaA Release No. 34-85468, AAER-4033",https://www.sec.gov/files/litigation/admin/2019/34-85468.pdf,SEC AAER index + company-name candidate matching,FREDS,FREDS,False,0.0,WEAK_OR_FALSE_MATCH—MANUAL_REVIEW,AUTO_REJECT_OBVIOUS_MISMATCH,No distinctive company-name token appears in the AAER title.
0,REVIEW,,1445229,FUER INTERNATIONAL INC.,2013,88.89,1-Jul-13,AAER-3483,"Fuqi International, Inc. Release No. LR-22739, AAER-3483 See Also: SEC Complaint",https://www.sec.gov/enforcement-litigation/litigation-releases/lr-22739 | https://www.sec.gov/files/litigation/complaints/2013/comp22739.pdf,SEC AAER index + company-name candidate matching,FUER INTERNATIONAL,FUER,False,0.0,WEAK_OR_FALSE_MATCH—MANUAL_REVIEW,AUTO_REJECT_OBVIOUS_MISMATCH,No distinctive company-name token appears in the AAER title.
0,REVIEW,,1445229,FUER INTERNATIONAL INC.,2013,88.89,30-Apr-13,AAER-4298,"Artfest International, Inc., et al. Brenda P. Murray, Chief Administrative Law Judge Release No. 485, 34-68902, 34-69676, AAER-4298 See Also: Order Instituting Proceedings, Release No. 34-68902 , Finality Order, Release No. 34-69676",https://www.sec.gov/files/alj/aljdec/2013/id485bpm.pdf | https://www.sec.gov/files/litigation/admin/2013/34-68902.pdf | https://www.sec.gov/files/alj/aljdec/2013/34-69676.pdf,SEC AAER index + company-name candidate matching,FUER INTERNATIONAL,FUER,False,0.0,WEAK_OR_FALSE_MATCH—MANUAL_REVIEW,AUTO_REJECT_OBVIOUS_MISMATCH,No distinctive company-name token appears in the AAER title.
0,REVIEW,,1673504,GALEM GROUP INC.,2017,88.89,10-Apr-17,AAER-3865,"Galena Biopharma, Inc. and Mark J. Ahn Release No. 33-10337, 34-80407, AAER-3865",https://www.sec.gov/files/litigation/admin/2017/33-10337.pdf,SEC AAER index + company-name candidate matching,GALEM GROUP,GALEM,False,0.0,WEAK_OR_FALSE_MATCH—MANUAL_REVIEW,AUTO_REJECT_OBVIOUS_MISMATCH,No distinctive company-name token appears in the AAER title.
0,REVIEW,,1474735,GENERAC HOLDINGS INC.,2010,92.31,27-Jul-10,AAER-3159,"General Electric Company; Ionics, Inc.; and Amersham  plc Release No. LR-21602, AAER-3159 See Also: SEC Complaint",https://www.sec.gov/enforcement-litigation/litigation-releases/lr-21602 | https://www.sec.gov/files/litigation/complaints/2010/comp21602.pdf,SEC AAER index + company-name candidate matching,GENERAC,GENERAC,False,0.0,WEAK_OR_FALSE_MATCH—MANUAL_REVIEW,AUTO_REJECT_OBVIOUS_MISMATCH,No distinctive company-name token appears in the AAER title.
0,REVIEW,,1575965,"GLP CAPITAL, L.P.",2013,90.91,28-Jun-13,AAER-3468,"LPB Capital d/b/a Family Office Group, LLC and Gary J. Pappas (Order Dismissing Proceedings) Release No. 34-69885, IA-3619, AAER-3468",https://www.sec.gov/files/litigation/opinions/2013/34-69885.pdf,SEC AAER index + company-name candidate matching,GLP CAPITAL L P,GLP,False,0.0,WEAK_OR_FALSE_MATCH—MANUAL_REVIEW,AUTO_REJECT_OBVIOUS_MISMATCH,No distinctive company-name token appears in the AAER title.
0,LIKELY COMPANY MATCH,,1775194,"GROVE, INC.",2010,100,23-Apr-10,AAER-3129,"David R. Cosgrove, CMA Release No. 34-61976, AAER-3129",https://www.sec.gov/files/litigation/admin/2010/34-61976.pdf,SEC AAER index + company-name candidate matching,GROVE,GROVE,False,0.0,WEAK_OR_FALSE_MATCH—MANUAL_REVIEW,AUTO_REJECT_OBVIOUS_MISMATCH,No distinctive company-name token appears in the AAER title.
0,REVIEW,,944480,GSE SYSTEMS INC,2018,90.91,10-Jul-18,AAER-3949,"Advanced Drainage Systems, Inc. and Mark B. Sturgeon, CPA Release No. 33-10517, 34-83612, AAER-3949 See Also: Administrative Summary",https://www.sec.gov/files/litigation/admin/2018/33-10517.pdf | https://www.sec.gov/enforce/33-10517-s,SEC AAER index + company-name candidate matching,GSE SYSTEMS,GSE,False,0.0,WEAK_OR_FALSE_MATCH—MANUAL_REVIEW,AUTO_REJECT_OBVIOUS_MISMATCH,No distinctive company-name token appears in the AAER title.
0,REVIEW,,1380412,"HK INTERNATIONAL GROUP, INC.",2011,89.66,18-Mar-11,AAER-3254,"International Business Machines Corporation Release No. LR-21889, AAER-3254 See Also: SEC Complaint",https://www.sec.gov/enforcement-litigation/litigation-releases/lr-21889 | https://www.sec.gov/files/litigation/complaints/2011/comp21889.pdf,SEC AAER index + company-name candidate matching,HK INTERNATIONAL GROUP,,False,0.0,WEAK_OR_FALSE_MATCH—MANUAL_REVIEW,AUTO_REJECT_OBVIOUS_MISMATCH,Candidate name contains only generic/short terms and the full legal entity was not found.
0,REVIEW,,1380412,"HK INTERNATIONAL GROUP, INC.",2016,93.75,19-Apr-16,AAER-3765,"Logitech International, S.A., Michael Doktorczyk and Sherralyn Bolles, CPA Release No. 34-77644, AAER-3765",https://www.sec.gov/files/litigation/admin/2016/34-77644.pdf,SEC AAER index + company-name candidate matching,HK INTERNATIONAL GROUP,,False,0.0,WEAK_OR_FALSE_MATCH—MANUAL_REVIEW,AUTO_REJECT_OBVIOUS_MISMATCH,Candidate name contains only generic/short terms and the full legal entity was not found.
0,REVIEW,,1342916,"HNO INTERNATIONAL, INC.",2013,94.12,15-May-13,AAER-3482,"RINO International Corporation, Dejun ""David"" Zou, and Jianping ""Amy"" Qiu Release No. LR-22699, AAER-3482 See Also: SEC Complaint",https://www.sec.gov/enforcement-litigation/litigation-releases/lr-22699 | https://www.sec.gov/files/litigation/complaints/2013/comp-pr2013-87.pdf,SEC AAER index + company-name candidate matching,HNO INTERNATIONAL,HNO,False,0.0,WEAK_OR_FALSE_MATCH—MANUAL_REVIEW,AUTO_REJECT_OBVIOUS_MISMATCH,No distinctive company-name token appears in the AAER title.
0,REVIEW,,1673431,IA ENERGY CORP.,2020,88.89,28-Apr-20,AAER-4133,"Penn West Petroleum Ltd., d/b/a Obsidian Energy Ltd., Todd H. Takeyasu, Jeffery A. Curran, and Waldemar Grab Release No. LR-24809, AAER-4133 See Also: SEC Complaint",https://www.sec.gov/enforcement-litigation/litigation-releases/lr-24809 | https://www.sec.gov/files/litigation/complaints/2020/comp24809.pdf,SEC AAER index + company-name candidate matching,IA ENERGY,,False,0.0,WEAK_OR_FALSE_MATCH—MANUAL_REVIEW,AUTO_REJECT_OBVIOUS_MISMATCH,Candidate name contains only generic/short terms and the full legal entity was not found.
0,REVIEW,,1362004,"ICF INTERNATIONAL, INC.",2009,94.12,4-Jun-09,AAER-2984,"Dyadic International, Inc. Release No. 34-60047, AAER-2984",https://www.sec.gov/files/litigation/admin/2009/34-60047.pdf,SEC AAER index + company-name candidate matching,ICF INTERNATIONAL,ICF,False,0.0,WEAK_OR_FALSE_MATCH—MANUAL_REVIEW,AUTO_REJECT_OBVIOUS_MISMATCH,No distinctive company-name token appears in the AAER title.
0,REVIEW,,1435039,IFCI INTERNATIONAL CORP.,2009,88.89,4-Jun-09,AAER-2984,"Dyadic International, Inc. Release No. 34-60047, AAER-2984",https://www.sec.gov/files/litigation/admin/2009/34-60047.pdf,SEC AAER index + company-name candidate matching,IFCI INTERNATIONAL,IFCI,False,0.0,WEAK_OR_FALSE_MATCH—MANUAL_REVIEW,AUTO_REJECT_OBVIOUS_MISMATCH,No distinctive company-name token appears in the AAER title.
0,REVIEW,,1435039,IFCI INTERNATIONAL CORP.,2013,88.89,1-Jul-13,AAER-3483,"Fuqi International, Inc. Release No. LR-22739, AAER-3483 See Also: SEC Complaint",https://www.sec.gov/enforcement-litigation/litigation-releases/lr-22739 | https://www.sec.gov/files/litigation/complaints/2013/comp22739.pdf,SEC AAER index + company-name candidate matching,IFCI INTERNATIONAL,IFCI,False,0.0,WEAK_OR_FALSE_MATCH—MANUAL_REVIEW,AUTO_REJECT_OBVIOUS_MISMATCH,No distinctive company-name token appears in the AAER title.
0,REVIEW,,1288195,IGS CAPITAL GROUP LTD,2017,90.91,19-Jul-17,AAER-3883,"Enviso Capital, LLC, Ryan Bowers and Jeffrey Laberge, CPA Release No. 34-81173, IA-4731, IC-32737, AAER-3883 See Also: Administrative Summary",https://www.sec.gov/files/litigation/admin/2017/34-81173.pdf | https://www.sec.gov/files/litigation/admin/2017/34-81173-s.pdf,SEC AAER index + company-name candidate matching,IGS CAPITAL GROUP,IGS,False,0.0,WEAK_OR_FALSE_MATCH—MANUAL_REVIEW,AUTO_REJECT_OBVIOUS_MISMATCH,No distinctive company-name token appears in the AAER title.
0,REVIEW,,1634291,"IHEALTHCARE, INC.",2009,90.91,18-Mar-09,AAER-2951,"Allion Healthcare, Inc. and James G. Spencer Release No. 34-59594, AAER-2951",https://www.sec.gov/files/litigation/admin/2009/34-59594.pdf,SEC AAER index + company-name candidate matching,IHEALTHCARE,IHEALTHCARE,False,0.0,WEAK_OR_FALSE_MATCH—MANUAL_REVIEW,AUTO_REJECT_OBVIOUS_MISMATCH,No distinctive company-name token appears in the AAER title.
0,LIKELY COMPANY MATCH,,1556148,"INFOR, INC.",2014,100,25-Jul-14,AAER-3569; AAER-3570; AAER-3569,"Volt Information Sciences, Inc. and Debra L. Hobbs; Jack J. Egan, Jr. Release No. LR-23051, AAER-3569 and AAER-3570, AAER-3569",https://www.sec.gov/enforcement-litigation/litigation-releases/lr-23051,SEC AAER index + company-name candidate matching,INFOR,INFOR,False,0.0,WEAK_OR_FALSE_MATCH—MANUAL_REVIEW,AUTO_REJECT_OBVIOUS_MISMATCH,No distinctive company-name token appears in the AAER title.
0,LIKELY COMPANY MATCH,,50863,INTEL CORP,2013,100,22-Jul-13,AAER-3484,"China Intelligent Lighting and Electronics, Inc. and NIVS IntelliMedia Technology Group, Inc. Release No. LR-22755, AAER-3484 See Also: SEC Complaint",https://www.sec.gov/enforcement-litigation/litigation-releases/lr-22755 | https://www.sec.gov/files/litigation/complaints/2013/comp22755.pdf,SEC AAER index + company-name candidate matching,INTEL,INTEL,False,0.0,WEAK_OR_FALSE_MATCH—MANUAL_REVIEW,AUTO_REJECT_OBVIOUS_MISMATCH,No distinctive company-name token appears in the AAER title.
0,REVIEW,,50863,INTEL CORP,2016,88.89,12-Apr-16,AAER-3764,"INTL FCStone Inc. Release No. 34-77596, AAER-3764",https://www.sec.gov/files/litigation/admin/2016/34-77596.pdf,SEC AAER index + company-name candidate matching,INTEL,INTEL,False,0.0,WEAK_OR_FALSE_MATCH—MANUAL_REVIEW,AUTO_REJECT_OBVIOUS_MISMATCH,No distinctive company-name token appears in the AAER title.
0,REVIEW,,1056386,INTERNAP CORP,2011,93.33,18-Mar-11,AAER-3254,"International Business Machines Corporation Release No. LR-21889, AAER-3254 See Also: SEC Complaint",https://www.sec.gov/enforcement-litigation/litigation-releases/lr-21889 | https://www.sec.gov/files/litigation/complaints/2011/comp21889.pdf,SEC AAER index + company-name candidate matching,INTERNAP,INTERNAP,False,0.0,WEAK_OR_FALSE_MATCH—MANUAL_REVIEW,AUTO_REJECT_OBVIOUS_MISMATCH,No distinctive company-name token appears in the AAER title.
0,REVIEW,,1100788,INTERNATIONAL STAR INC,2010,88.89,11-May-10,AAER-3134,"Diatect International Corp., et al. Release No. LR-21524, AAER-3134",https://www.sec.gov/enforcement-litigation/litigation-releases/lr-21524,SEC AAER index + company-name candidate matching,INTERNATIONAL STAR,STAR,False,0.0,WEAK_OR_FALSE_MATCH—MANUAL_REVIEW,AUTO_REJECT_OBVIOUS_MISMATCH,No distinctive company-name token appears in the AAER title.
0,REVIEW,,1100788,INTERNATIONAL STAR INC,2013,88.89,30-Apr-13,AAER-4298,"Artfest International, Inc., et al. Brenda P. Murray, Chief Administrative Law Judge Release No. 485, 34-68902, 34-69676, AAER-4298 See Also: Order Instituting Proceedings, Release No. 34-68902 , Finality Order, Release No. 34-69676",https://www.sec.gov/files/alj/aljdec/2013/id485bpm.pdf | https://www.sec.gov/files/litigation/admin/2013/34-68902.pdf | https://www.sec.gov/files/alj/aljdec/2013/34-69676.pdf,SEC AAER index + company-name candidate matching,INTERNATIONAL STAR,STAR,False,0.0,WEAK_OR_FALSE_MATCH—MANUAL_REVIEW,AUTO_REJECT_OBVIOUS_MISMATCH,No distinctive company-name token appears in the AAER title.
0,REVIEW,,1830072,IPOWER INC.,2009,90.91,11-Mar-09,AAER-2948,"PowerCold Corporation, Francis L. Simola, Joseph C. Cahill, and Grayling R. Hofer Release No. LR-20945, AAER-2948 See Also: SEC Complaint",https://www.sec.gov/enforcement-litigation/litigation-releases/lr-20945 | https://www.sec.gov/files/litigation/complaints/2009/comp20945.pdf,SEC AAER index + company-name candidate matching,IPOWER,IPOWER,False,0.0,WEAK_OR_FALSE_MATCH—MANUAL_REVIEW,AUTO_REJECT_OBVIOUS_MISMATCH,No distinctive company-name token appears in the AAER title.
0,REVIEW,,1095133,ISA INTERNATIONALE INC,2013,88.89,1-Jul-13,AAER-3483,"Fuqi International, Inc. Release No. LR-22739, AAER-3483 See Also: SEC Complaint",https://www.sec.gov/enforcement-litigation/litigation-releases/lr-22739 | https://www.sec.gov/files/litigation/complaints/2013/comp22739.pdf,SEC AAER index + company-name candidate matching,ISA INTERNATIONALE,ISA | INTERNATIONALE,False,0.0,WEAK_OR_FALSE_MATCH—MANUAL_REVIEW,AUTO_REJECT_OBVIOUS_MISMATCH,No distinctive company-name token appears in the AAER title.
0,REVIEW,,1095133,ISA INTERNATIONALE INC,2013,88.89,30-Apr-13,AAER-4298,"Artfest International, Inc., et al. Brenda P. Murray, Chief Administrative Law Judge Release No. 485, 34-68902, 34-69676, AAER-4298 See Also: Order Instituting Proceedings, Release No. 34-68902 , Finality Order, Release No. 34-69676",https://www.sec.gov/files/alj/aljdec/2013/id485bpm.pdf | https://www.sec.gov/files/litigation/admin/2013/34-68902.pdf | https://www.sec.gov/files/alj/aljdec/2013/34-69676.pdf,SEC AAER index + company-name candidate matching,ISA INTERNATIONALE,ISA | INTERNATIONALE,False,0.0,WEAK_OR_FALSE_MATCH—MANUAL_REVIEW,AUTO_REJECT_OBVIOUS_MISMATCH,No distinctive company-name token appears in the AAER title.
0,REVIEW,,1500242,JA ENERGY,2020,88.89,28-Apr-20,AAER-4133,"Penn West Petroleum Ltd., d/b/a Obsidian Energy Ltd., Todd H. Takeyasu, Jeffery A. Curran, and Waldemar Grab Release No. LR-24809, AAER-4133 See Also: SEC Complaint",https://www.sec.gov/enforcement-litigation/litigation-releases/lr-24809 | https://www.sec.gov/files/litigation/complaints/2020/comp24809.pdf,SEC AAER index + company-name candidate matching,JA ENERGY,,False,0.0,WEAK_OR_FALSE_MATCH—MANUAL_REVIEW,AUTO_REJECT_OBVIOUS_MISMATCH,Candidate name contains only generic/short terms and the full legal entity was not found.
0,REVIEW,,1133062,JANEL CORP,2016,88.89,1-Jun-16,AAER-3776,"Jane E. Starrett, CPA Release No. 33-10085, 34-77967, AAER-3776",https://www.sec.gov/files/litigation/admin/2016/33-10085.pdf,SEC AAER index + company-name candidate matching,JANEL,JANEL,False,0.0,WEAK_OR_FALSE_MATCH—MANUAL_REVIEW,AUTO_REJECT_OBVIOUS_MISMATCH,No distinctive company-name token appears in the AAER title.
0,REVIEW,,1839839,"JANUS INTERNATIONAL GROUP, INC.",2023,89.47,26-Apr-23,AAER-4403,"Frank's International N.V. Release No. 34-97381, AAER-4403 See Also: Administrative Summary",https://www.sec.gov/enforcement-litigation/administrative-proceedings/34-97381 | https://www.sec.gov/enforce/34-97381-s,SEC AAER index + company-name candidate matching,JANUS INTERNATIONAL GROUP,JANUS,False,0.0,WEAK_OR_FALSE_MATCH—MANUAL_REVIEW,AUTO_REJECT_OBVIOUS_MISMATCH,No distinctive company-name token appears in the AAER title.
0,REVIEW,,1084580,JEFFERIES GROUP LLC,2023,88.89,29-Mar-23,AAER-4394,"Spicer Jeffries LLP and Sean P. Tafaro Release No. 34-97216, AAER-4394",https://www.sec.gov/files/litigation/admin/2023/34-97216.pdf,SEC AAER index + company-name candidate matching,JEFFERIES GROUP,JEFFERIES,False,0.0,WEAK_OR_FALSE_MATCH—MANUAL_REVIEW,AUTO_REJECT_OBVIOUS_MISMATCH,No distinctive company-name token appears in the AAER title.
0,REVIEW,,1316517,KANDI TECHNOLOGIES CORP,2019,88.89,3-May-19,AAER-4045,"GT Advanced Technologies Inc. Release No. 33-10636, 34-85767, AAER-4045",https://www.sec.gov/files/litigation/admin/2019/33-10636.pdf,SEC AAER index + company-name candidate matching,KANDI TECHNOLOGIES,KANDI,False,0.0,WEAK_OR_FALSE_MATCH—MANUAL_REVIEW,AUTO_REJECT_OBVIOUS_MISMATCH,No distinctive company-name token appears in the AAER title.
0,REVIEW,,1593773,KANGE CORP,2009,88.89,4-Jun-09,AAER-3023,"Angelo Mozilo, David Sambol, and Eric Sieracki Release No. LR-21068A, AAER-3023 See Also: SEC Complaint",https://www.sec.gov/enforcement-litigation/litigation-releases/lr-21068a | https://www.sec.gov/files/litigation/complaints/2009/comp21068.pdf,SEC AAER index + company-name candidate matching,KANGE,KANGE,False,0.0,WEAK_OR_FALSE_MATCH—MANUAL_REVIEW,AUTO_REJECT_OBVIOUS_MISMATCH,No distinctive company-name token appears in the AAER title.
0,REVIEW,,1897525,KB GLOBAL HOLDINGS LTD,2016,88.89,15-Mar-16,AAER-3758,"ModusLink Global  Solutions, et al. Release No. 33-10055, 34-77372, AAER-3758 See Also: Administrative Summary",https://www.sec.gov/files/litigation/admin/2016/33-10055.pdf | https://www.sec.gov/files/litigation/admin/2016/33-10055-s.pdf,SEC AAER index + company-name candidate matching,KB GLOBAL,,False,0.0,WEAK_OR_FALSE_MATCH—MANUAL_REVIEW,AUTO_REJECT_OBVIOUS_MISMATCH,Candidate name contains only generic/short terms and the full legal entity was not found.
0,REVIEW,,95572,"KINRG, INC.",2018,88.89,26-Mar-18,AAER-3930,"Kinross Gold Corporation Release No. 34-82946, AAER-3930",https://www.sec.gov/files/litigation/admin/2018/34-82946.pdf,SEC AAER index + company-name candidate matching,KINRG,KINRG,False,0.0,WEAK_OR_FALSE_MATCH—MANUAL_REVIEW,AUTO_REJECT_OBVIOUS_MISMATCH,No distinctive company-name token appears in the AAER title.
0,REVIEW,,2011134,KIONI HOLDINGS LTD,2013,88.89,5-Apr-13,AAER-3452,"Koninklijke Philips Electronics N.V. Release No. 34-69327, AAER-3452",https://www.sec.gov/files/litigation/admin/2013/34-69327.pdf,SEC AAER index + company-name candidate matching,KIONI,KIONI,False,0.0,WEAK_OR_FALSE_MATCH—MANUAL_REVIEW,AUTO_REJECT_OBVIOUS_MISMATCH,No distinctive company-name token appears in the AAER title.
0,REVIEW,,2011134,KIONI HOLDINGS LTD,2023,88.89,11-May-23,AAER-4406,"Koninklijke Philips N.V. Release No. 34-97479, AAER-4406",https://www.sec.gov/files/litigation/admin/2023/34-97479.pdf,SEC AAER index + company-name candidate matching,KIONI,KIONI,False,0.0,WEAK_OR_FALSE_MATCH—MANUAL_REVIEW,AUTO_REJECT_OBVIOUS_MISMATCH,No distinctive company-name token appears in the AAER title.
0,REVIEW,,1487843,"KIRIN INTERNATIONAL HOLDING, INC.",2013,91.89,15-May-13,AAER-3482,"RINO International Corporation, Dejun ""David"" Zou, and Jianping ""Amy"" Qiu Release No. LR-22699, AAER-3482 See Also: SEC Complaint",https://www.sec.gov/enforcement-litigation/litigation-releases/lr-22699 | https://www.sec.gov/files/litigation/complaints/2013/comp-pr2013-87.pdf,SEC AAER index + company-name candidate matching,KIRIN INTERNATIONAL,KIRIN,False,0.0,WEAK_OR_FALSE_MATCH—MANUAL_REVIEW,AUTO_REJECT_OBVIOUS_MISMATCH,No distinctive company-name token appears in the AAER title.
0,REVIEW,,1403548,KL ENERGY CORP,2011,88.89,8-Apr-11,AAER-3268,"Kentucky Energy, Inc., Eugene Chiaramonte, III and Clear Mountain Associates, LLC Release No. 34-64288, AAER-3268",https://www.sec.gov/files/litigation/admin/2011/34-64288.pdf,SEC AAER index + company-name candidate matching,KL ENERGY,,False,0.0,WEAK_OR_FALSE_MATCH—MANUAL_REVIEW,AUTO_REJECT_OBVIOUS_MISMATCH,Candidate name contains only generic/short terms and the full legal entity was not found.
0,REVIEW,,1403548,KL ENERGY CORP,2014,88.89,27-Mar-14,AAER-3545,"L&L Energy, Inc. Lee, Dickson, CPA Release No. 33-9565, 34-71823, AAER-3545",https://www.sec.gov/files/litigation/admin/2014/33-9565.pdf,SEC AAER index + company-name candidate matching,KL ENERGY,,False,0.0,WEAK_OR_FALSE_MATCH—MANUAL_REVIEW,AUTO_REJECT_OBVIOUS_MISMATCH,Candidate name contains only generic/short terms and the full legal entity was not found.
0,REVIEW,,1403548,KL ENERGY CORP,2015,88.89,1-Jun-15,AAER-3659,"L&L Energy, Inc. Lee, Dickson, CPA Release No. 33-9799, 34-75088, AAER-3659",https://www.sec.gov/files/litigation/admin/2015/33-9799.pdf,SEC AAER index + company-name candidate matching,KL ENERGY,,False,0.0,WEAK_OR_FALSE_MATCH—MANUAL_REVIEW,AUTO_REJECT_OBVIOUS_MISMATCH,Candidate name contains only generic/short terms and the full legal entity was not found.
0,REVIEW,,1176236,KRONOS INTERNATIONAL INC,2013,89.47,15-May-13,AAER-3482,"RINO International Corporation, Dejun ""David"" Zou, and Jianping ""Amy"" Qiu Release No. LR-22699, AAER-3482 See Also: SEC Complaint",https://www.sec.gov/enforcement-litigation/litigation-releases/lr-22699 | https://www.sec.gov/files/litigation/complaints/2013/comp-pr2013-87.pdf,SEC AAER index + company-name candidate matching,KRONOS INTERNATIONAL,KRONOS,False,0.0,WEAK_OR_FALSE_MATCH—MANUAL_REVIEW,AUTO_REJECT_OBVIOUS_MISMATCH,No distinctive company-name token appears in the AAER title.
0,REVIEW,,1039101,"L3 TECHNOLOGIES, INC.",2010,93.33,7-Apr-10,AAER-3126,"Symbol Technologies, Inc., et al. Release No. LR-21480, AAER-3126",https://www.sec.gov/enforcement-litigation/litigation-releases/lr-21480,SEC AAER index + company-name candidate matching,L3 TECHNOLOGIES,,False,0.0,WEAK_OR_FALSE_MATCH—MANUAL_REVIEW,AUTO_REJECT_OBVIOUS_MISMATCH,Candidate name contains only generic/short terms and the full legal entity was not found.
0,REVIEW,,1039101,"L3 TECHNOLOGIES, INC.",2018,93.33,27-Mar-18,AAER-3932,"Maxwell Technologies, Inc., et al. Release No. 33-10472, 34-82950, AAER-3932",https://www.sec.gov/files/litigation/admin/2018/33-10472.pdf,SEC AAER index + company-name candidate matching,L3 TECHNOLOGIES,,False,0.0,WEAK_OR_FALSE_MATCH—MANUAL_REVIEW,AUTO_REJECT_OBVIOUS_MISMATCH,Candidate name contains only generic/short terms and the full legal entity was not found.
0,REVIEW,,1575571,LIN MEDIA LLC,2013,88.89,20-Jun-13,AAER-3479,"China MediaExpress Holdings, Inc. and Zheng Cheng Release No. LR-22731, AAER-3479 See Also: SEC Complaint",https://www.sec.gov/enforcement-litigation/litigation-releases/lr-22731 | https://www.sec.gov/files/litigation/complaints/2013/comp22731.pdf,SEC AAER index + company-name candidate matching,LIN MEDIA,LIN | MEDIA,False,0.0,WEAK_OR_FALSE_MATCH—MANUAL_REVIEW,AUTO_REJECT_OBVIOUS_MISMATCH,No distinctive company-name token appears in the AAER title.
0,REVIEW,,1307579,LIQTECH INTERNATIONAL INC,2016,90.48,19-Apr-16,AAER-3765,"Logitech International, S.A., Michael Doktorczyk and Sherralyn Bolles, CPA Release No. 34-77644, AAER-3765",https://www.sec.gov/files/litigation/admin/2016/34-77644.pdf,SEC AAER index + company-name candidate matching,LIQTECH INTERNATIONAL,LIQTECH,False,0.0,WEAK_OR_FALSE_MATCH—MANUAL_REVIEW,AUTO_REJECT_OBVIOUS_MISMATCH,No distinctive company-name token appears in the AAER title.
0,REVIEW,,763532,LSI INDUSTRIES INC,2009,92.86,17-Jul-09,AAER-3015,"LSB Industries, Inc. and Jimmie Dean Jones, CPA Release No. 34-60336, AAER-3015",https://www.sec.gov/files/litigation/admin/2009/34-60336.pdf,SEC AAER index + company-name candidate matching,LSI INDUSTRIES,LSI,False,0.0,WEAK_OR_FALSE_MATCH—MANUAL_REVIEW,AUTO_REJECT_OBVIOUS_MISMATCH,No distinctive company-name token appears in the AAER title.
0,REVIEW,,62234,MARCUS CORP,2023,90.91,21-Jun-23,AAER-4423,"Marcum LLP Release No. 34-97773, AAER-4423",https://www.sec.gov/files/litigation/admin/2023/34-97773.pdf,SEC AAER index + company-name candidate matching,MARCUS,MARCUS,False,0.0,WEAK_OR_FALSE_MATCH—MANUAL_REVIEW,AUTO_REJECT_OBVIOUS_MISMATCH,No distinctive company-name token appears in the AAER title.
0,REVIEW,,1973047,MARKY CORP.,2009,88.89,25-Jun-09,AAER-3001,"Mark Cocchiola and Steven Venechanos; Jack Gaglio; and Robert Quattrone, et al. Release No. LR-21107, AAER-3001",https://www.sec.gov/enforcement-litigation/litigation-releases/lr-21107,SEC AAER index + company-name candidate matching,MARKY,MARKY,False,0.0,WEAK_OR_FALSE_MATCH—MANUAL_REVIEW,AUTO_REJECT_OBVIOUS_MISMATCH,No distinctive company-name token appears in the AAER title.
0,REVIEW,,1973047,MARKY CORP.,2009,88.89,16-Jul-09,AAER-3011,"Mark T. Turkcan Release No. LR-21136, AAER-3011",https://www.sec.gov/enforcement-litigation/litigation-releases/lr-21136,SEC AAER index + company-name candidate matching,MARKY,MARKY,False,0.0,WEAK_OR_FALSE_MATCH—MANUAL_REVIEW,AUTO_REJECT_OBVIOUS_MISMATCH,No distinctive company-name token appears in the AAER title.
0,REVIEW,,1973047,MARKY CORP.,2011,88.89,7-Jun-11,AAER-3289,"Mark C. Schwartzhoff Release No. 34-64613, AAER-3289",https://www.sec.gov/files/litigation/admin/2011/34-64613.pdf,SEC AAER index + company-name candidate matching,MARKY,MARKY,False,0.0,WEAK_OR_FALSE_MATCH—MANUAL_REVIEW,AUTO_REJECT_OBVIOUS_MISMATCH,No distinctive company-name token appears in the AAER title.
0,REVIEW,,1973047,MARKY CORP.,2012,88.89,14-Mar-12,AAER-3371,"Mark A. Jackson and James J. Ruehlen; Thomas F. O’Rourke Release No. LR-22290, AAER-3371",https://www.sec.gov/enforcement-litigation/litigation-releases/lr-22290,SEC AAER index + company-name candidate matching,MARKY,MARKY,False,0.0,WEAK_OR_FALSE_MATCH—MANUAL_REVIEW,AUTO_REJECT_OBVIOUS_MISMATCH,No distinctive company-name token appears in the AAER title.
0,REVIEW,,1973047,MARKY CORP.,2012,88.89,22-Mar-12,AAER-3373,"Mark Leslie, Kenneth E. Lonchar, Paul A. Sallaberry, Michael M. Cully, and Douglas S. Newton Release No. LR-22304, AAER-3373",https://www.sec.gov/enforcement-litigation/litigation-releases/lr-22304,SEC AAER index + company-name candidate matching,MARKY,MARKY,False,0.0,WEAK_OR_FALSE_MATCH—MANUAL_REVIEW,AUTO_REJECT_OBVIOUS_MISMATCH,No distinctive company-name token appears in the AAER title.
0,REVIEW,,1973047,MARKY CORP.,2014,88.89,7-Jul-14,AAER-3564,"Mark A. Jackson and James J. Ruehlen Release No. LR-23038, AAER-3564",https://www.sec.gov/enforcement-litigation/litigation-releases/lr-23038,SEC AAER index + company-name candidate matching,MARKY,MARKY,False,0.0,WEAK_OR_FALSE_MATCH—MANUAL_REVIEW,AUTO_REJECT_OBVIOUS_MISMATCH,No distinctive company-name token appears in the AAER title.
0,REVIEW,,1973047,MARKY CORP.,2016,88.89,23-Mar-16,AAER-3759,"Novartis AG Release No. 34-77431, AAER-3759 See Also: Administrative Summary",https://www.sec.gov/files/litigation/admin/2016/34-77431.pdf | https://www.sec.gov/files/litigation/admin/2016/34-77431-s.pdf,SEC AAER index + company-name candidate matching,MARKY,MARKY,False,0.0,WEAK_OR_FALSE_MATCH—MANUAL_REVIEW,AUTO_REJECT_OBVIOUS_MISMATCH,No distinctive company-name token appears in the AAER title.
0,REVIEW,,1973047,MARKY CORP.,2016,88.89,25-Mar-16,AAER-3760,"Berman, Elliot R., CPA Berman & Company, P.A. Release No. 34-77447, AAER-3760 See Also: Administrative Summary",https://www.sec.gov/files/litigation/admin/2016/34-77447.pdf | https://www.sec.gov/files/litigation/admin/2016/34-77447-s.pdf,SEC AAER index + company-name candidate matching,MARKY,MARKY,False,0.0,WEAK_OR_FALSE_MATCH—MANUAL_REVIEW,AUTO_REJECT_OBVIOUS_MISMATCH,No distinctive company-name token appears in the AAER title.
0,REVIEW,,1973047,MARKY CORP.,2016,88.89,26-Apr-16,AAER-3770,"Cabela's Incorporated and Ralph W. Castner, CPA Release No. 34-77717, AAER-3770 See Also: Administrative Summary",https://www.sec.gov/files/litigation/admin/2016/34-77717.pdf | https://www.sec.gov/files/litigation/admin/2016/34-77717-s.pdf,SEC AAER index + company-name candidate matching,MARKY,MARKY,False,0.0,WEAK_OR_FALSE_MATCH—MANUAL_REVIEW,AUTO_REJECT_OBVIOUS_MISMATCH,No distinctive company-name token appears in the AAER title.
0,REVIEW,,1973047,MARKY CORP.,2016,88.89,2-May-16,AAER-3773,"MaloneBailey, LLP and Jay Phillip Norris, CPA Release No. 34-77755, AAER-3773 See Also: Administrative Summary",https://www.sec.gov/files/litigation/admin/2016/34-77755.pdf | https://www.sec.gov/files/litigation/admin/2016/34-77755-s.pdf,SEC AAER index + company-name candidate matching,MARKY,MARKY,False,0.0,WEAK_OR_FALSE_MATCH—MANUAL_REVIEW,AUTO_REJECT_OBVIOUS_MISMATCH,No distinctive company-name token appears in the AAER title.
0,REVIEW,,1973047,MARKY CORP.,2016,88.89,6-Jun-16,AAER-3777,"Silberstein Ungar PLLC, et al. Release No. 34-77997, AAER-3777 See Also: Administrative Summary",https://www.sec.gov/files/litigation/admin/2016/34-77997.pdf | https://www.sec.gov/files/litigation/admin/2016/34-77997-s.pdf,SEC AAER index + company-name candidate matching,MARKY,MARKY,False,0.0,WEAK_OR_FALSE_MATCH—MANUAL_REVIEW,AUTO_REJECT_OBVIOUS_MISMATCH,No distinctive company-name token appears in the AAER title.
0,REVIEW,,1973047,MARKY CORP.,2016,88.89,10-Jun-16,AAER-3783,"ICON Capital LLC f/k/a ICON Capital Corporation Release No. 34-78030, AAER-3783 See Also: Administrative Summary",https://www.sec.gov/files/litigation/admin/2016/34-78030.pdf | https://www.sec.gov/files/litigation/admin/2016/34-78030-s.pdf,SEC AAER index + company-name candidate matching,MARKY,MARKY,False,0.0,WEAK_OR_FALSE_MATCH—MANUAL_REVIEW,AUTO_REJECT_OBVIOUS_MISMATCH,No distinctive company-name token appears in the AAER title.
0,REVIEW,,1973047,MARKY CORP.,2016,88.89,15-Jul-16,AAER-3789,"The Phoenix Companies, Inc. Release No. 34-78341, AAER-3789 See Also: Administrative Summary",https://www.sec.gov/files/litigation/admin/2016/34-78341.pdf | https://www.sec.gov/files/litigation/admin/2016/34-78341-s.pdf,SEC AAER index + company-name candidate matching,MARKY,MARKY,False,0.0,WEAK_OR_FALSE_MATCH—MANUAL_REVIEW,AUTO_REJECT_OBVIOUS_MISMATCH,No distinctive company-name token appears in the AAER title.
0,REVIEW,,1973047,MARKY CORP.,2016,88.89,26-Jul-16,AAER-3793,"Yi Chen, CPA Release No. 34-78413, AAER-3793 See Also: Administrative Summary",https://www.sec.gov/files/litigation/admin/2016/34-78413.pdf | https://www.sec.gov/files/litigation/admin/2016/34-78413-s.pdf,SEC AAER index + company-name candidate matching,MARKY,MARKY,False,0.0,WEAK_OR_FALSE_MATCH—MANUAL_REVIEW,AUTO_REJECT_OBVIOUS_MISMATCH,No distinctive company-name token appears in the AAER title.
0,REVIEW,,1973047,MARKY CORP.,2017,88.89,21-Apr-17,AAER-3866,"Mark McKinnies, CPA Release No. 34-80507, AAER-3866",https://www.sec.gov/files/litigation/admin/2017/34-80507.pdf,SEC AAER index + company-name candidate matching,MARKY,MARKY,False,0.0,WEAK_OR_FALSE_MATCH—MANUAL_REVIEW,AUTO_REJECT_OBVIOUS_MISMATCH,No distinctive company-name token appears in the AAER title.
0,REVIEW,,1973047,MARKY CORP.,2017,88.89,28-Apr-17,AAER-3867,"Mark Wentlent Release No. 34-80547, AAER-3867",https://www.sec.gov/files/litigation/admin/2017/34-80547.pdf,SEC AAER index + company-name candidate matching,MARKY,MARKY,False,0.0,WEAK_OR_FALSE_MATCH—MANUAL_REVIEW,AUTO_REJECT_OBVIOUS_MISMATCH,No distinctive company-name token appears in the AAER title.
0,REVIEW,,1973047,MARKY CORP.,2017,88.89,7-Jun-17,AAER-3873,"Dan (“Alice”) Zhang, CPA, Release No. 34-80872, AAER-3873 See Also: Administrative Summary",https://www.sec.gov/files/litigation/admin/2017/34-80872.pdf | https://www.sec.gov/files/litigation/admin/2017/34-80872-s.pdf,SEC AAER index + company-name candidate matching,MARKY,MARKY,False,0.0,WEAK_OR_FALSE_MATCH—MANUAL_REVIEW,AUTO_REJECT_OBVIOUS_MISMATCH,No distinctive company-name token appears in the AAER title.
0,REVIEW,,1973047,MARKY CORP.,2017,88.89,14-Jun-17,AAER-3876,"Richardson Edward, Jr., CPA Richardson Edward, Jr. Release No. 34-80918, AAER-3876 See Also: Administrative Summary",https://www.sec.gov/files/litigation/admin/2017/34-80918.pdf | https://www.sec.gov/files/litigation/admin/2017/34-80918-s.pdf,SEC AAER index + company-name candidate matching,MARKY,MARKY,False,0.0,WEAK_OR_FALSE_MATCH—MANUAL_REVIEW,AUTO_REJECT_OBVIOUS_MISMATCH,No distinctive company-name token appears in the AAER title.
0,REVIEW,,1973047,MARKY CORP.,2017,88.89,15-Jun-17,AAER-3877,"Eric W. Kirchner and Richard G. Rodick Release No. 34-80947, AAER-3877 See Also: Administrative Summary",https://www.sec.gov/files/litigation/admin/2017/34-80947.pdf | https://www.sec.gov/files/litigation/admin/2017/34-80947-s.pdf,SEC AAER index + company-name candidate matching,MARKY,MARKY,False,0.0,WEAK_OR_FALSE_MATCH—MANUAL_REVIEW,AUTO_REJECT_OBVIOUS_MISMATCH,No distinctive company-name token appears in the AAER title.
0,REVIEW,,1973047,MARKY CORP.,2017,88.89,19-Jun-17,AAER-3879,"Mark C. Northrop, CPA Release No. 33-10371, 34-80963, IA-4717, AAER-3879",https://www.sec.gov/files/litigation/admin/2017/33-10371.pdf,SEC AAER index + company-name candidate matching,MARKY,MARKY,False,0.0,WEAK_OR_FALSE_MATCH—MANUAL_REVIEW,AUTO_REJECT_OBVIOUS_MISMATCH,No distinctive company-name token appears in the AAER title.
0,REVIEW,,1973047,MARKY CORP.,2017,88.89,19-Jul-17,AAER-3883,"Enviso Capital, LLC, Ryan Bowers and Jeffrey Laberge, CPA Release No. 34-81173, IA-4731, IC-32737, AAER-3883 See Also: Administrative Summary",https://www.sec.gov/files/litigation/admin/2017/34-81173.pdf | https://www.sec.gov/files/litigation/admin/2017/34-81173-s.pdf,SEC AAER index + company-name candidate matching,MARKY,MARKY,False,0.0,WEAK_OR_FALSE_MATCH—MANUAL_REVIEW,AUTO_REJECT_OBVIOUS_MISMATCH,No distinctive company-name token appears in the AAER title.
0,REVIEW,,1973047,MARKY CORP.,2018,88.89,9-Mar-18,AAER-3925,"Elbit Imaging Ltd. Release No. 34-82849, AAER-3925 See Also: Administrative Summary",https://www.sec.gov/files/litigation/admin/2018/34-82849.pdf | https://www.sec.gov/enforce/34-82849-s,SEC AAER index + company-name candidate matching,MARKY,MARKY,False,0.0,WEAK_OR_FALSE_MATCH—MANUAL_REVIEW,AUTO_REJECT_OBVIOUS_MISMATCH,No distinctive company-name token appears in the AAER title.
0,REVIEW,,1973047,MARKY CORP.,2018,88.89,19-Apr-18,AAER-3935,"Medifirst Solutions, Inc. and Bruce J. Schoengood Release No. 34-83067, AAER-3935 See Also: Administrative Summary",https://www.sec.gov/files/litigation/admin/2018/34-83067.pdf | https://www.sec.gov/enforce/34-83067-s,SEC AAER index + company-name candidate matching,MARKY,MARKY,False,0.0,WEAK_OR_FALSE_MATCH—MANUAL_REVIEW,AUTO_REJECT_OBVIOUS_MISMATCH,No distinctive company-name token appears in the AAER title.
0,REVIEW,,1973047,MARKY CORP.,2018,88.89,23-Apr-18,AAER-3936,"The Dun & Bradstreet Corporation Release No. 34-83088, AAER-3936 See Also: Administrative Summary",https://www.sec.gov/files/litigation/admin/2018/34-83088.pdf | https://www.sec.gov/enforce/34-83088-s,SEC AAER index + company-name candidate matching,MARKY,MARKY,False,0.0,WEAK_OR_FALSE_MATCH—MANUAL_REVIEW,AUTO_REJECT_OBVIOUS_MISMATCH,No distinctive company-name token appears in the AAER title.
0,REVIEW,,1973047,MARKY CORP.,2018,88.89,14-Jun-18,AAER-3943,"RSM US LLP Release No. 34-83428, AAER-3943 See Also: Administrative Summary",https://www.sec.gov/files/litigation/admin/2018/34-83428.pdf | https://www.sec.gov/enforce/34-83428-s,SEC AAER index + company-name candidate matching,MARKY,MARKY,False,0.0,WEAK_OR_FALSE_MATCH—MANUAL_REVIEW,AUTO_REJECT_OBVIOUS_MISMATCH,No distinctive company-name token appears in the AAER title.
0,REVIEW,,1973047,MARKY CORP.,2018,88.89,2-Jul-18,AAER-3944,"Beam Inc., n/k/a Beam Suntory Inc. Release No. 34-83575, AAER-3944 See Also: Administrative Summary",https://www.sec.gov/files/litigation/admin/2018/34-83575.pdf | https://www.sec.gov/enforce/34-83575-s,SEC AAER index + company-name candidate matching,MARKY,MARKY,False,0.0,WEAK_OR_FALSE_MATCH—MANUAL_REVIEW,AUTO_REJECT_OBVIOUS_MISMATCH,No distinctive company-name token appears in the AAER title.
0,REVIEW,,1973047,MARKY CORP.,2018,88.89,2-Jul-18,AAER-3947,"The Dow Chemical Company Release No. 34-83581, AAER-3947 See Also: Administrative Summary",https://www.sec.gov/files/litigation/admin/2018/34-83581.pdf | https://www.sec.gov/enforce/34-83581-s,SEC AAER index + company-name candidate matching,MARKY,MARKY,False,0.0,WEAK_OR_FALSE_MATCH—MANUAL_REVIEW,AUTO_REJECT_OBVIOUS_MISMATCH,No distinctive company-name token appears in the AAER title.
0,REVIEW,,1973047,MARKY CORP.,2018,88.89,10-Jul-18,AAER-3949,"Advanced Drainage Systems, Inc. and Mark B. Sturgeon, CPA Release No. 33-10517, 34-83612, AAER-3949 See Also: Administrative Summary",https://www.sec.gov/files/litigation/admin/2018/33-10517.pdf | https://www.sec.gov/enforce/33-10517-s,SEC AAER index + company-name candidate matching,MARKY,MARKY,False,0.0,WEAK_OR_FALSE_MATCH—MANUAL_REVIEW,AUTO_REJECT_OBVIOUS_MISMATCH,No distinctive company-name token appears in the AAER title.
0,REVIEW,,1973047,MARKY CORP.,2019,88.89,1-Mar-19,AAER-4024,"DLL CPAS, LLC and Debra Lee Lindaman, CPA Release No. 34-85233, AAER-4024 See Also: Administrative Summary",https://www.sec.gov/files/litigation/admin/2019/34-85233.pdf | https://www.sec.gov/enforce/34-85233-s,SEC AAER index + company-name candidate matching,MARKY,MARKY,False,0.0,WEAK_OR_FALSE_MATCH—MANUAL_REVIEW,AUTO_REJECT_OBVIOUS_MISMATCH,No distinctive company-name token appears in the AAER title.
0,REVIEW,,1973047,MARKY CORP.,2019,88.89,1-Mar-19,AAER-4025,"Arthur Viola Release No. 34-85234, AAER-4025 See Also: Administrative Summary",https://www.sec.gov/files/litigation/admin/2019/34-85234.pdf | https://www.sec.gov/enforce/34-85233-s,SEC AAER index + company-name candidate matching,MARKY,MARKY,False,0.0,WEAK_OR_FALSE_MATCH—MANUAL_REVIEW,AUTO_REJECT_OBVIOUS_MISMATCH,No distinctive company-name token appears in the AAER title.
0,REVIEW,,1973047,MARKY CORP.,2019,88.89,5-Apr-19,AAER-4037,"KLJ & Associates, LLP, Kent L. Jensen, CPA and Ronald A. Burgmeier, CPA Release No. 34-85518, AAER-4037 See Also: Administrative Summary",https://www.sec.gov/files/litigation/admin/2019/34-85518.pdf | https://www.sec.gov/enforce/34-85518-s,SEC AAER index + company-name candidate matching,MARKY,MARKY,False,0.0,WEAK_OR_FALSE_MATCH—MANUAL_REVIEW,AUTO_REJECT_OBVIOUS_MISMATCH,No distinctive company-name token appears in the AAER title.
0,REVIEW,,1973047,MARKY CORP.,2019,88.89,9-May-19,AAER-4046,"Telefônica Brasil S.A. Release No. 34-85819, AAER-4046 See Also: Administrative Summary",https://www.sec.gov/files/litigation/admin/2019/34-85819.pdf | https://www.sec.gov/enforce/34-85819-s,SEC AAER index + company-name candidate matching,MARKY,MARKY,False,0.0,WEAK_OR_FALSE_MATCH—MANUAL_REVIEW,AUTO_REJECT_OBVIOUS_MISMATCH,No distinctive company-name token appears in the AAER title.
0,REVIEW,,1973047,MARKY CORP.,2019,88.89,16-Jul-19,AAER-4059,"Dov Weinstein, CPA and Dov Weinstein & Co., CPA Release No. 34-86385, AAER-4059 See Also: Administrative Summary",https://www.sec.gov/files/litigation/admin/2019/34-86385.pdf | https://www.sec.gov/enforce/34-86385-s,SEC AAER index + company-name candidate matching,MARKY,MARKY,False,0.0,WEAK_OR_FALSE_MATCH—MANUAL_REVIEW,AUTO_REJECT_OBVIOUS_MISMATCH,No distinctive company-name token appears in the AAER title.
0,REVIEW,,1973047,MARKY CORP.,2020,88.89,17-Apr-20,AAER-4124,"Eni S.p.A. Release No. 34-88679, AAER-4124 See Also: Administrative Summary",https://www.sec.gov/files/litigation/admin/2020/34-88679.pdf | https://www.sec.gov/enforce/34-88679-s,SEC AAER index + company-name candidate matching,MARKY,MARKY,False,0.0,WEAK_OR_FALSE_MATCH—MANUAL_REVIEW,AUTO_REJECT_OBVIOUS_MISMATCH,No distinctive company-name token appears in the AAER title.
0,REVIEW,,1973047,MARKY CORP.,2020,88.89,24-Apr-20,AAER-4131,"PLS,, CPA a Professional Corporation Pls a/k/a, CPAS Park, Chang G., CPA Park, a/k/a Changgeun Lee, Joseph Yongyun, CPA Lee, a/k/a Yong Yun Lee, Juchi, CPA Fernandez, a/k/a Juchi Lee Lee, Ju-Chi Lee, Ju Chi Lee, Sue Release No. 34-88739, AAER-4131 See Also: Administrative Summary",https://www.sec.gov/files/litigation/admin/2020/34-88739.pdf | https://www.sec.gov/enforce/34-88739-s,SEC AAER index + company-name candidate matching,MARKY,MARKY,False,0.0,WEAK_OR_FALSE_MATCH—MANUAL_REVIEW,AUTO_REJECT_OBVIOUS_MISMATCH,No distinctive company-name token appears in the AAER title.
0,REVIEW,,1973047,MARKY CORP.,2020,88.89,22-May-20,AAER-4144,"TSP Capital Management Group, LLC Release No. IA-5508, AAER-4144 See Also: Administrative Summary",https://www.sec.gov/files/litigation/admin/2020/ia-5508.pdf | https://www.sec.gov/enforce/ia-5508-s,SEC AAER index + company-name candidate matching,MARKY,MARKY,False,0.0,WEAK_OR_FALSE_MATCH—MANUAL_REVIEW,AUTO_REJECT_OBVIOUS_MISMATCH,No distinctive company-name token appears in the AAER title.
0,REVIEW,,1973047,MARKY CORP.,2020,88.89,5-Jun-20,AAER-4147,"Jana Faith Kiena, CPA Release No. 34-89023, AAER-4147 See Also: Administrative Summary",https://www.sec.gov/files/litigation/admin/2020/34-89023.pdf | https://www.sec.gov/enforce/34-89023-s,SEC AAER index + company-name candidate matching,MARKY,MARKY,False,0.0,WEAK_OR_FALSE_MATCH—MANUAL_REVIEW,AUTO_REJECT_OBVIOUS_MISMATCH,No distinctive company-name token appears in the AAER title.
0,REVIEW,,1973047,MARKY CORP.,2020,88.89,23-Jun-20,AAER-4149,"Vereit, Inc. Release No. 33-10793, 34-89133, AAER-4149 See Also: Administrative Summary",https://www.sec.gov/files/litigation/admin/2020/33-10793.pdf | https://www.sec.gov/enforce/33-10793-s,SEC AAER index + company-name candidate matching,MARKY,MARKY,False,0.0,WEAK_OR_FALSE_MATCH—MANUAL_REVIEW,AUTO_REJECT_OBVIOUS_MISMATCH,No distinctive company-name token appears in the AAER title.
0,REVIEW,,1973047,MARKY CORP.,2021,88.89,9-Jul-21,AAER-4224,"PLS,, CPA a Professional Corporation Pls a/k/a, CPAS Park, Chang G., CPA Park, a/k/a Changgeun Lee, Joseph Yongyun, CPA Lee, a/k/a Yong Yun Lee, Juchi, CPA Fernandez, a/k/a Juchi Lee Lee, Ju-Chi Lee, Ju Chi Lee, Sue Release No. 34-92361, AAER-4224 See Also: Administrative Summary",https://www.sec.gov/files/litigation/admin/2021/34-92361.pdf | https://www.sec.gov/enforce/34-92361-s,SEC AAER index + company-name candidate matching,MARKY,MARKY,False,0.0,WEAK_OR_FALSE_MATCH—MANUAL_REVIEW,AUTO_REJECT_OBVIOUS_MISMATCH,No distinctive company-name token appears in the AAER title.
0,REVIEW,,1973047,MARKY CORP.,2021,88.89,13-Jul-21,AAER-4225,"Chancey, Paul L. Jr., CPA Release No. 34-92378, AAER-4225 See Also: Administrative Summary",https://www.sec.gov/files/litigation/admin/2021/34-92378.pdf | https://www.sec.gov/enforce/34-92378-s,SEC AAER index + company-name candidate matching,MARKY,MARKY,False,0.0,WEAK_OR_FALSE_MATCH—MANUAL_REVIEW,AUTO_REJECT_OBVIOUS_MISMATCH,No distinctive company-name token appears in the AAER title.
0,REVIEW,,1973047,MARKY CORP.,2021,88.89,13-Jul-21,AAER-4226,"Stockman Kast Ryan & Co. LLP. Ellen S. Fisher, CPA; Kast, David H., CPA Release No. 34-92382, IA-5773, AAER-4226 See Also: Administrative Summary",https://www.sec.gov/files/litigation/admin/2021/34-92382.pdf | https://www.sec.gov/enforce/34-92382-s,SEC AAER index + company-name candidate matching,MARKY,MARKY,False,0.0,WEAK_OR_FALSE_MATCH—MANUAL_REVIEW,AUTO_REJECT_OBVIOUS_MISMATCH,No distinctive company-name token appears in the AAER title.
0,REVIEW,,1973047,MARKY CORP.,2022,88.89,14-Mar-22,AAER-4288,"Halpern & Associates LLC Barbara Halpern, CPA Release No. 34-94410, AAER-4288 See Also: Administrative Summary",https://www.sec.gov/files/litigation/admin/2022/34-94410.pdf | http://www.sec.gov/enforce/34-94410-s,SEC AAER index + company-name candidate matching,MARKY,MARKY,False,0.0,WEAK_OR_FALSE_MATCH—MANUAL_REVIEW,AUTO_REJECT_OBVIOUS_MISMATCH,No distinctive company-name token appears in the AAER title.
0,REVIEW,,1973047,MARKY CORP.,2022,88.89,31-Mar-22,AAER-4291,"Stockman Kast Ryan & Co. LLP. Ellen S. Fisher, CPA; Kast, David H., CPA Release No. 34-94570, IA-5989, AAER-4291 See Also: Administrative Summary",https://www.sec.gov/files/litigation/admin/2022/34-94570.pdf | http://www.sec.gov/enforce/34-94570-s,SEC AAER index + company-name candidate matching,MARKY,MARKY,False,0.0,WEAK_OR_FALSE_MATCH—MANUAL_REVIEW,AUTO_REJECT_OBVIOUS_MISMATCH,No distinctive company-name token appears in the AAER title.
0,REVIEW,,1973047,MARKY CORP.,2022,88.89,13-Apr-22,AAER-4292,"Mark Loman, CPA Release No. 34-94714, AAER-4292 See Also: Litigation Release",https://www.sec.gov/files/litigation/admin/2022/34-94714.pdf | https://www.sec.gov/files/litigation/litreleases/2022/lr25364.htm,SEC AAER index + company-name candidate matching,MARKY,MARKY,False,0.0,WEAK_OR_FALSE_MATCH—MANUAL_REVIEW,AUTO_REJECT_OBVIOUS_MISMATCH,No distinctive company-name token appears in the AAER title.
0,REVIEW,,1973047,MARKY CORP.,2022,88.89,14-Apr-22,AAER-4293,"Mark Loman Release No. LR-25364, AAER-4293 See Also: Administrative Proceedings Release",https://www.sec.gov/enforcement-litigation/litigation-releases/lr-25364 | https://www.sec.gov/files/litigation/admin/2022/34-94714.pdf,SEC AAER index + company-name candidate matching,MARKY,MARKY,False,0.0,WEAK_OR_FALSE_MATCH—MANUAL_REVIEW,AUTO_REJECT_OBVIOUS_MISMATCH,No distinctive company-name token appears in the AAER title.
0,REVIEW,,1973047,MARKY CORP.,2022,88.89,9-Jun-22,AAER-4312,"Lijuan ""Sandra"" Hao, CPA Release No. 34-95076, AAER-4312 See Also: Administrative Summary",https://www.sec.gov/files/litigation/admin/2022/34-95076.pdf | http://www.sec.gov/enforce/34-95076-s,SEC AAER index + company-name candidate matching,MARKY,MARKY,False,0.0,WEAK_OR_FALSE_MATCH—MANUAL_REVIEW,AUTO_REJECT_OBVIOUS_MISMATCH,No distinctive company-name token appears in the AAER title.
0,REVIEW,,1973047,MARKY CORP.,2022,88.89,1-Jul-22,AAER-4314,"voxeljet AG and Rudolf Franz Release No. 34-95193, AAER-4314 See Also: Administrative Summary",https://www.sec.gov/files/litigation/admin/2022/34-95193.pdf | http://www.sec.gov/enforce/34-95193-s,SEC AAER index + company-name candidate matching,MARKY,MARKY,False,0.0,WEAK_OR_FALSE_MATCH—MANUAL_REVIEW,AUTO_REJECT_OBVIOUS_MISMATCH,No distinctive company-name token appears in the AAER title.
0,REVIEW,,1973047,MARKY CORP.,2023,88.89,6-Mar-23,AAER-4384,"Flutter Entertainment and plc as successor-in-interest to The Stars Group, Inc. (Corrected) Release No. 34-97044, AAER-4384 See Also: Administrative Summary",https://www.sec.gov/files/litigation/admin/2023/34-97044.pdf | http://www.sec.gov/enforce/34-97044-s,SEC AAER index + company-name candidate matching,MARKY,MARKY,False,0.0,WEAK_OR_FALSE_MATCH—MANUAL_REVIEW,AUTO_REJECT_OBVIOUS_MISMATCH,No distinctive company-name token appears in the AAER title.
0,REVIEW,,1973047,MARKY CORP.,2023,88.89,26-Apr-23,AAER-4403,"Frank's International N.V. Release No. 34-97381, AAER-4403 See Also: Administrative Summary",https://www.sec.gov/enforcement-litigation/administrative-proceedings/34-97381 | https://www.sec.gov/enforce/34-97381-s,SEC AAER index + company-name candidate matching,MARKY,MARKY,False,0.0,WEAK_OR_FALSE_MATCH—MANUAL_REVIEW,AUTO_REJECT_OBVIOUS_MISMATCH,No distinctive company-name token appears in the AAER title.
0,REVIEW,,1973047,MARKY CORP.,2023,88.89,26-May-23,AAER-4411,"Gartner, Inc. Release No. 34-97609, AAER-4411 See Also: Administrative Summary",https://www.sec.gov/files/litigation/admin/2023/34-97609.pdf | https://www.sec.gov/enforce/34-97609-s,SEC AAER index + company-name candidate matching,MARKY,MARKY,False,0.0,WEAK_OR_FALSE_MATCH—MANUAL_REVIEW,AUTO_REJECT_OBVIOUS_MISMATCH,No distinctive company-name token appears in the AAER title.
0,REVIEW,,1973047,MARKY CORP.,2023,88.89,5-Jun-23,AAER-4417,"Cantaloupe, Inc. (f/k/a USA Technologies, Inc.) Release No. 33-11202, 34-97651, AAER-4417 See Also: Administrative Summary",https://www.sec.gov/files/litigation/admin/2023/33-11202.pdf | https://www.sec.gov/enforce/33-11202-s,SEC AAER index + company-name candidate matching,MARKY,MARKY,False,0.0,WEAK_OR_FALSE_MATCH—MANUAL_REVIEW,AUTO_REJECT_OBVIOUS_MISMATCH,No distinctive company-name token appears in the AAER title.
0,REVIEW,,1973047,MARKY CORP.,2023,88.89,9-Jun-23,AAER-4418,"Boyle CPA, LLC; Robert Allan Boyle, CPA Release No. 34-97685, AAER-4418 See Also: Administrative Summary",https://www.sec.gov/files/litigation/admin/2023/34-97685.pdf | https://www.sec.gov/enforce/34-97685-s,SEC AAER index + company-name candidate matching,MARKY,MARKY,False,0.0,WEAK_OR_FALSE_MATCH—MANUAL_REVIEW,AUTO_REJECT_OBVIOUS_MISMATCH,No distinctive company-name token appears in the AAER title.
0,REVIEW,,1973047,MARKY CORP.,2023,88.89,16-Jun-23,AAER-4419,"David Dickson and Stuart Andrew Spence Release No. 34-97740, AAER-4419 See Also: Administrative Summary",https://www.sec.gov/files/litigation/admin/2023/34-97740.pdf | https://www.sec.gov/enforce/34-97740-s,SEC AAER index + company-name candidate matching,MARKY,MARKY,False,0.0,WEAK_OR_FALSE_MATCH—MANUAL_REVIEW,AUTO_REJECT_OBVIOUS_MISMATCH,No distinctive company-name token appears in the AAER title.
0,REVIEW,,1973047,MARKY CORP.,2023,88.89,3-Jul-23,AAER-4425,"Future FinTech Group Inc., Release No. 33-11206, 34-97829, AAER-4425 See Also: Administrative Summary",https://www.sec.gov/files/litigation/admin/2023/33-11206.pdf | https://www.sec.gov/enforce/33-11206-s,SEC AAER index + company-name candidate matching,MARKY,MARKY,False,0.0,WEAK_OR_FALSE_MATCH—MANUAL_REVIEW,AUTO_REJECT_OBVIOUS_MISMATCH,No distinctive company-name token appears in the AAER title.
0,REVIEW,,1973047,MARKY CORP.,2023,88.89,5-Jul-23,AAER-4427,"Reed L. Benson, CPA Release No. 34-97835, AAER-4427 See Also: Administrative Summary",https://www.sec.gov/files/litigation/admin/2023/34-97835.pdf | https://www.sec.gov/enforce/33-11209-s,SEC AAER index + company-name candidate matching,MARKY,MARKY,False,0.0,WEAK_OR_FALSE_MATCH—MANUAL_REVIEW,AUTO_REJECT_OBVIOUS_MISMATCH,No distinctive company-name token appears in the AAER title.
0,REVIEW,,1973047,MARKY CORP.,2023,88.89,5-Jul-23,AAER-4428,"Co-Diagnostics, Inc. Release No. 33-11209, 34-97836, AAER-4428 See Also: Administrative Summary",https://www.sec.gov/files/litigation/admin/2023/33-11209.pdf | https://www.sec.gov/enforce/33-11209-s,SEC AAER index + company-name candidate matching,MARKY,MARKY,False,0.0,WEAK_OR_FALSE_MATCH—MANUAL_REVIEW,AUTO_REJECT_OBVIOUS_MISMATCH,No distinctive company-name token appears in the AAER title.
0,REVIEW,,1973047,MARKY CORP.,2023,88.89,5-Jul-23,AAER-4429,"Dwight H. Egan Release No. 33-11210, 34-97837, AAER-4429 See Also: Administrative Summary",https://www.sec.gov/files/litigation/admin/2023/33-11210.pdf | https://www.sec.gov/enforce/33-11209-s,SEC AAER index + company-name candidate matching,MARKY,MARKY,False,0.0,WEAK_OR_FALSE_MATCH—MANUAL_REVIEW,AUTO_REJECT_OBVIOUS_MISMATCH,No distinctive company-name token appears in the AAER title.
0,REVIEW,,1973047,MARKY CORP.,2024,88.89,22-Apr-24,AAER-4498,"Mark Korb, CA Release No. 34-100007, AAER-4498",https://www.sec.gov/files/litigation/admin/2024/34-100007.pdf,SEC AAER index + company-name candidate matching,MARKY,MARKY,False,0.0,WEAK_OR_FALSE_MATCH—MANUAL_REVIEW,AUTO_REJECT_OBVIOUS_MISMATCH,No distinctive company-name token appears in the AAER title.
0,REVIEW,,1973047,MARKY CORP.,2024,88.89,17-May-24,AAER-4502,"Varun Aggarwal, CPA Release No. 34-100165, IA-6607, IC-35195, AAER-4502 See Also: Administrative Summary",https://www.sec.gov/files/litigation/admin/2024/34-100165.pdf | https://www.sec.gov/enforce/ap-summary/34-100165-s,SEC AAER index + company-name candidate matching,MARKY,MARKY,False,0.0,WEAK_OR_FALSE_MATCH—MANUAL_REVIEW,AUTO_REJECT_OBVIOUS_MISMATCH,No distinctive company-name token appears in the AAER title.
0,REVIEW,,1973047,MARKY CORP.,2024,88.89,6-Jun-24,AAER-4506,"HF Foods Group Inc. Release No. 33-11289, 34-100288, AAER-4506 See Also: Administrative Summary",https://www.sec.gov/files/litigation/admin/2024/33-11289.pdf | https://www.sec.gov/enforce/ap-summary/33-11289-s,SEC AAER index + company-name candidate matching,MARKY,MARKY,False,0.0,WEAK_OR_FALSE_MATCH—MANUAL_REVIEW,AUTO_REJECT_OBVIOUS_MISMATCH,No distinctive company-name token appears in the AAER title.
0,REVIEW,,1973047,MARKY CORP.,2024,88.89,20-Jun-24,AAER-4510,"CPI Aerostructures, Inc. Release No. 34-100389, AAER-4510 See Also: Administrative Summary",https://www.sec.gov/files/litigation/admin/2024/34-100389.pdf | https://www.sec.gov/enforce/ap-summary/34-100389-s,SEC AAER index + company-name candidate matching,MARKY,MARKY,False,0.0,WEAK_OR_FALSE_MATCH—MANUAL_REVIEW,AUTO_REJECT_OBVIOUS_MISMATCH,No distinctive company-name token appears in the AAER title.
0,REVIEW,,1973047,MARKY CORP.,2024,88.89,25-Jun-24,AAER-4511,"Robert J. Schettino Release No. 34-100419, AAER-4511 See Also: Administrative Summary",https://www.sec.gov/files/litigation/admin/2024/34-100419.pdf | https://www.sec.gov/enforce/ap-summary/34-100419-s,SEC AAER index + company-name candidate matching,MARKY,MARKY,False,0.0,WEAK_OR_FALSE_MATCH—MANUAL_REVIEW,AUTO_REJECT_OBVIOUS_MISMATCH,No distinctive company-name token appears in the AAER title.
0,REVIEW,,1973047,MARKY CORP.,2026,88.89,6-Mar-26,AAER-4587,"EisnerAmper LLP Release No. 34-104936, AAER-4587 See Also: Administrative Summary",https://www.sec.gov/files/litigation/admin/2026/34-104936.pdf | https://www.sec.gov/enforcement-litigation/administrative-proceedings/34-104936-s,SEC AAER index + company-name candidate matching,MARKY,MARKY,False,0.0,WEAK_OR_FALSE_MATCH—MANUAL_REVIEW,AUTO_REJECT_OBVIOUS_MISMATCH,No distinctive company-name token appears in the AAER title.
0,REVIEW,,1973047,MARKY CORP.,2026,88.89,8-Apr-26,AAER-4589,"Francis Decker, CPA Release No. 34-105184, AAER-4589 See Also: Administrative Summary",https://www.sec.gov/files/litigation/admin/2026/34-105184.pdf | https://www.sec.gov/enforcement-litigation/administrative-proceedings/34-105184-s,SEC AAER index + company-name candidate matching,MARKY,MARKY,False,0.0,WEAK_OR_FALSE_MATCH—MANUAL_REVIEW,AUTO_REJECT_OBVIOUS_MISMATCH,No distinctive company-name token appears in the AAER title.
0,REVIEW,,1973047,MARKY CORP.,2026,88.89,20-Apr-26,AAER-4591,"Key Tronic Corporation, Brett R. Larsen, CPA, and Nicholas S. Fasciana Release No. 34-105275, AAER-4591 See Also: Administrative Summary",https://www.sec.gov/files/litigation/admin/2026/34-105275.pdf | https://www.sec.gov/enforcement-litigation/administrative-proceedings/34-105275-s,SEC AAER index + company-name candidate matching,MARKY,MARKY,False,0.0,WEAK_OR_FALSE_MATCH—MANUAL_REVIEW,AUTO_REJECT_OBVIOUS_MISMATCH,No distinctive company-name token appears in the AAER title.
0,REVIEW,,63908,MCDONALDS CORP,2009,88.89,27-May-09,AAER-2975,"John T. McDonald (CPA) Release No. 34-59977, AAER-2975",https://www.sec.gov/files/litigation/admin/2009/34-59977.pdf,SEC AAER index + company-name candidate matching,MCDONALDS,MCDONALDS,False,0.0,WEAK_OR_FALSE_MATCH—MANUAL_REVIEW,AUTO_REJECT_OBVIOUS_MISMATCH,No distinctive company-name token appears in the AAER title.
0,REVIEW,,63908,MCDONALDS CORP,2014,88.89,21-Mar-14,AAER-3544,"Brendon P. Mcdonald, CPA Release No. 34-71770, AAER-3544",https://www.sec.gov/files/litigation/admin/2014/34-71770.pdf,SEC AAER index + company-name candidate matching,MCDONALDS,MCDONALDS,False,0.0,WEAK_OR_FALSE_MATCH—MANUAL_REVIEW,AUTO_REJECT_OBVIOUS_MISMATCH,No distinctive company-name token appears in the AAER title.
0,REVIEW,,1112551,MERCI INC,2009,88.89,20-Mar-09,AAER-2953,"Mercury Interactive, LLC (f/k/a Mercury Interactive Corporation), Amnon Landan, Sharlene Abrams, Douglas Smith, and Susan Skaer Release No. LR-20964, AAER-2953",https://www.sec.gov/enforcement-litigation/litigation-releases/lr-20964,SEC AAER index + company-name candidate matching,MERCI,MERCI,False,0.0,WEAK_OR_FALSE_MATCH—MANUAL_REVIEW,AUTO_REJECT_OBVIOUS_MISMATCH,No distinctive company-name token appears in the AAER title.
0,REVIEW,,1527698,"ML CAPITAL GROUP, INC.",2009,90,21-May-09,AAER-2973,"TMT Capital Corporation Release No. 34-59959, AAER-2973",https://www.sec.gov/files/litigation/admin/2009/34-59959.pdf,SEC AAER index + company-name candidate matching,ML CAPITAL GROUP,,False,0.0,WEAK_OR_FALSE_MATCH—MANUAL_REVIEW,AUTO_REJECT_OBVIOUS_MISMATCH,Candidate name contains only generic/short terms and the full legal entity was not found.
0,REVIEW,,1527698,"ML CAPITAL GROUP, INC.",2016,90,30-Mar-16,AAER-3761,"Burrill Capital Management, et al. Release No. 34-77473, AAER-3761, IA-4360, IC-32060",https://www.sec.gov/files/litigation/admin/2016/34-77473.pdf,SEC AAER index + company-name candidate matching,ML CAPITAL GROUP,,False,0.0,WEAK_OR_FALSE_MATCH—MANUAL_REVIEW,AUTO_REJECT_OBVIOUS_MISMATCH,Candidate name contains only generic/short terms and the full legal entity was not found.
0,LIKELY COMPANY MATCH,,1023844,NATIONAL HOLDINGS CORP,2009,100,4-Jun-09,AAER-2984,"Dyadic International, Inc. Release No. 34-60047, AAER-2984",https://www.sec.gov/files/litigation/admin/2009/34-60047.pdf,SEC AAER index + company-name candidate matching,NATIONAL,,False,0.0,WEAK_OR_FALSE_MATCH—MANUAL_REVIEW,AUTO_REJECT_OBVIOUS_MISMATCH,Candidate name contains only generic/short terms and the full legal entity was not found.
0,LIKELY COMPANY MATCH,,1023844,NATIONAL HOLDINGS CORP,2010,100,5-May-10,AAER-3131,"Spongetech Delivery Systems, Inc., RM Enterprises International, Inc., Steven Y. Moskowitz, Michael E. Metter, George Speranza, Joel Pensley and Jack Halperin Release No. LR-21515, AAER-3131 See Also: SEC Complaint",https://www.sec.gov/enforcement-litigation/litigation-releases/lr-21515 | https://www.sec.gov/files/litigation/complaints/2010/comp21515.pdf,SEC AAER index + company-name candidate matching,NATIONAL,,False,0.0,WEAK_OR_FALSE_MATCH—MANUAL_REVIEW,AUTO_REJECT_OBVIOUS_MISMATCH,Candidate name contains only generic/short terms and the full legal entity was not found.
0,LIKELY COMPANY MATCH,,1023844,NATIONAL HOLDINGS CORP,2010,100,11-May-10,AAER-3134,"Diatect International Corp., et al. Release No. LR-21524, AAER-3134",https://www.sec.gov/enforcement-litigation/litigation-releases/lr-21524,SEC AAER index + company-name candidate matching,NATIONAL,,False,0.0,WEAK_OR_FALSE_MATCH—MANUAL_REVIEW,AUTO_REJECT_OBVIOUS_MISMATCH,Candidate name contains only generic/short terms and the full legal entity was not found.
0,LIKELY COMPANY MATCH,,1023844,NATIONAL HOLDINGS CORP,2010,100,7-Jun-10,AAER-3139,"China Yuchai International Limited Release No. 34-62235, AAER-3139",https://www.sec.gov/files/litigation/admin/2010/34-62235.pdf,SEC AAER index + company-name candidate matching,NATIONAL,,False,0.0,WEAK_OR_FALSE_MATCH—MANUAL_REVIEW,AUTO_REJECT_OBVIOUS_MISMATCH,Candidate name contains only generic/short terms and the full legal entity was not found.
0,LIKELY COMPANY MATCH,,1023844,NATIONAL HOLDINGS CORP,2011,100,18-Mar-11,AAER-3254,"International Business Machines Corporation Release No. LR-21889, AAER-3254 See Also: SEC Complaint",https://www.sec.gov/enforcement-litigation/litigation-releases/lr-21889 | https://www.sec.gov/files/litigation/complaints/2011/comp21889.pdf,SEC AAER index + company-name candidate matching,NATIONAL,,False,0.0,WEAK_OR_FALSE_MATCH—MANUAL_REVIEW,AUTO_REJECT_OBVIOUS_MISMATCH,Candidate name contains only generic/short terms and the full legal entity was not found.
0,LIKELY COMPANY MATCH,,1023844,NATIONAL HOLDINGS CORP,2013,100,15-May-13,AAER-3482,"RINO International Corporation, Dejun ""David"" Zou, and Jianping ""Amy"" Qiu Release No. LR-22699, AAER-3482 See Also: SEC Complaint",https://www.sec.gov/enforcement-litigation/litigation-releases/lr-22699 | https://www.sec.gov/files/litigation/complaints/2013/comp-pr2013-87.pdf,SEC AAER index + company-name candidate matching,NATIONAL,,False,0.0,WEAK_OR_FALSE_MATCH—MANUAL_REVIEW,AUTO_REJECT_OBVIOUS_MISMATCH,Candidate name contains only generic/short terms and the full legal entity was not found.
0,LIKELY COMPANY MATCH,,1023844,NATIONAL HOLDINGS CORP,2013,100,1-Jul-13,AAER-3483,"Fuqi International, Inc. Release No. LR-22739, AAER-3483 See Also: SEC Complaint",https://www.sec.gov/enforcement-litigation/litigation-releases/lr-22739 | https://www.sec.gov/files/litigation/complaints/2013/comp22739.pdf,SEC AAER index + company-name candidate matching,NATIONAL,,False,0.0,WEAK_OR_FALSE_MATCH—MANUAL_REVIEW,AUTO_REJECT_OBVIOUS_MISMATCH,Candidate name contains only generic/short terms and the full legal entity was not found.
0,LIKELY COMPANY MATCH,,1023844,NATIONAL HOLDINGS CORP,2013,100,30-Apr-13,AAER-4298,"Artfest International, Inc., et al. Brenda P. Murray, Chief Administrative Law Judge Release No. 485, 34-68902, 34-69676, AAER-4298 See Also: Order Instituting Proceedings, Release No. 34-68902 , Finality Order, Release No. 34-69676",https://www.sec.gov/files/alj/aljdec/2013/id485bpm.pdf | https://www.sec.gov/files/litigation/admin/2013/34-68902.pdf | https://www.sec.gov/files/alj/aljdec/2013/34-69676.pdf,SEC AAER index + company-name candidate matching,NATIONAL,,False,0.0,WEAK_OR_FALSE_MATCH—MANUAL_REVIEW,AUTO_REJECT_OBVIOUS_MISMATCH,Candidate name contains only generic/short terms and the full legal entity was not found.
0,LIKELY COMPANY MATCH,,1023844,NATIONAL HOLDINGS CORP,2016,100,19-Apr-16,AAER-3765,"Logitech International, S.A., Michael Doktorczyk and Sherralyn Bolles, CPA Release No. 34-77644, AAER-3765",https://www.sec.gov/files/litigation/admin/2016/34-77644.pdf,SEC AAER index + company-name candidate matching,NATIONAL,,False,0.0,WEAK_OR_FALSE_MATCH—MANUAL_REVIEW,AUTO_REJECT_OBVIOUS_MISMATCH,Candidate name contains only generic/short terms and the full legal entity was not found.
0,LIKELY COMPANY MATCH,,1023844,NATIONAL HOLDINGS CORP,2020,100,4-Jun-20,AAER-4146,"Argo Group International Holdings, Ltd. Release No. 34-89009, AAER-4146",https://www.sec.gov/files/litigation/admin/2020/34-89009.pdf,SEC AAER index + company-name candidate matching,NATIONAL,,False,0.0,WEAK_OR_FALSE_MATCH—MANUAL_REVIEW,AUTO_REJECT_OBVIOUS_MISMATCH,Candidate name contains only generic/short terms and the full legal entity was not found.
0,LIKELY COMPANY MATCH,,1023844,NATIONAL HOLDINGS CORP,2020,100,31-Jul-20,AAER-4153,"Valeant Pharmaceuticals International, Inc. and n/k/a Bausch Health Companies Inc. Release No. 33-10809, 34-89442, AAER-4153",https://www.sec.gov/files/litigation/admin/2020/33-10809.pdf,SEC AAER index + company-name candidate matching,NATIONAL,,False,0.0,WEAK_OR_FALSE_MATCH—MANUAL_REVIEW,AUTO_REJECT_OBVIOUS_MISMATCH,Candidate name contains only generic/short terms and the full legal entity was not found.
0,LIKELY COMPANY MATCH,,1023844,NATIONAL HOLDINGS CORP,2023,100,26-Apr-23,AAER-4403,"Frank's International N.V. Release No. 34-97381, AAER-4403 See Also: Administrative Summary",https://www.sec.gov/enforcement-litigation/administrative-proceedings/34-97381 | https://www.sec.gov/enforce/34-97381-s,SEC AAER index + company-name candidate matching,NATIONAL,,False,0.0,WEAK_OR_FALSE_MATCH—MANUAL_REVIEW,AUTO_REJECT_OBVIOUS_MISMATCH,Candidate name contains only generic/short terms and the full legal entity was not found.
0,REVIEW,,1659183,NDIVISION INC.,2014,88.89,9-May-14,AAER-3552,"BDO China Dahua CPA Co., Ltd., Ernst & Young Hua Ming LLP, KPMG Huazhen (Special General Partnership), Deloitte Touche Tohmatsu Certified Public Accountants Ltd., and Pricewaterhousecoopers Zhong Tian CPAs Limited (Order Denying the Division's Motion to Strike the Notice of Withdrawal of Appearance and Setting a Briefing Schedule) Release No. 34-72134, AAER-3552",https://www.sec.gov/files/litigation/opinions/2014/34-72134.pdf,SEC AAER index + company-name candidate matching,NDIVISION,NDIVISION,False,0.0,WEAK_OR_FALSE_MATCH—MANUAL_REVIEW,AUTO_REJECT_OBVIOUS_MISMATCH,No distinctive company-name token appears in the AAER title.
0,REVIEW,,1659183,NDIVISION INC.,2015,88.89,20-Mar-15,AAER-3643,"BDO China Dahua CPA Co., Ltd., et al. (Order Granting the Division of Enforcement's Unopposed Motion to Withdraw Its Petition for Review as to Dahua CPA, Ltd. and Notice That Initial Decision Has Become Final as to Dahua CPA, Ltd.) Release No. 34-74552, AAER-3643",https://www.sec.gov/files/litigation/opinions/2015/34-74552.pdf,SEC AAER index + company-name candidate matching,NDIVISION,NDIVISION,False,0.0,WEAK_OR_FALSE_MATCH—MANUAL_REVIEW,AUTO_REJECT_OBVIOUS_MISMATCH,No distinctive company-name token appears in the AAER title.
0,REVIEW,,1089638,NESS TECHNOLOGIES INC,2022,94.12,7-Jun-22,AAER-4302,"Synchronoss Technologies, Inc. Release No. 34-95049, AAER-4302",https://www.sec.gov/files/litigation/admin/2022/34-95049.pdf,SEC AAER index + company-name candidate matching,NESS TECHNOLOGIES,NESS,False,0.0,WEAK_OR_FALSE_MATCH—MANUAL_REVIEW,AUTO_REJECT_OBVIOUS_MISMATCH,No distinctive company-name token appears in the AAER title.
0,REVIEW,,72020,NICOR INC,2011,88.89,8-Apr-11,AAER-3262,"Nicole Rae Kaplan, CPA Release No. 34-64271, AAER-3262",https://www.sec.gov/files/litigation/admin/2011/34-64271.pdf,SEC AAER index + company-name candidate matching,NICOR,NICOR,False,0.0,WEAK_OR_FALSE_MATCH—MANUAL_REVIEW,AUTO_REJECT_OBVIOUS_MISMATCH,No distinctive company-name token appears in the AAER title.
0,REVIEW,,1467154,"NOVAN, INC.",2016,88.89,23-Mar-16,AAER-3759,"Novartis AG Release No. 34-77431, AAER-3759 See Also: Administrative Summary",https://www.sec.gov/files/litigation/admin/2016/34-77431.pdf | https://www.sec.gov/files/litigation/admin/2016/34-77431-s.pdf,SEC AAER index + company-name candidate matching,NOVAN,NOVAN,False,0.0,WEAK_OR_FALSE_MATCH—MANUAL_REVIEW,AUTO_REJECT_OBVIOUS_MISMATCH,No distinctive company-name token appears in the AAER title.
0,LIKELY COMPANY MATCH,,1467154,"NOVAN, INC.",2020,100,18-May-20,AAER-4143,"John Donovan, CPA Release No. 34-88897, AAER-4143",https://www.sec.gov/files/litigation/admin/2020/34-88897.pdf,SEC AAER index + company-name candidate matching,NOVAN,NOVAN,False,0.0,WEAK_OR_FALSE_MATCH—MANUAL_REVIEW,AUTO_REJECT_OBVIOUS_MISMATCH,No distinctive company-name token appears in the AAER title.
0,REVIEW,,1467154,"NOVAN, INC.",2020,88.89,25-Jun-20,AAER-4150,"Novartis AG Release No. 34-89149, AAER-4150",https://www.sec.gov/files/litigation/admin/2020/34-89149.pdf,SEC AAER index + company-name candidate matching,NOVAN,NOVAN,False,0.0,WEAK_OR_FALSE_MATCH—MANUAL_REVIEW,AUTO_REJECT_OBVIOUS_MISMATCH,No distinctive company-name token appears in the AAER title.
0,LIKELY COMPANY MATCH,,1467154,"NOVAN, INC.",2022,100,24-May-22,AAER-4301,"PMB Helin Donovan, LLP, Christopher Bauer, CPA and Jeffrey Jamieson, CPA Release No. 34-94976, AAER-4301",https://www.sec.gov/files/litigation/admin/2022/34-94976.pdf,SEC AAER index + company-name candidate matching,NOVAN,NOVAN,False,0.0,WEAK_OR_FALSE_MATCH—MANUAL_REVIEW,AUTO_REJECT_OBVIOUS_MISMATCH,No distinctive company-name token appears in the AAER title.
0,REVIEW,,1412043,"OPOWER, INC.",2009,90.91,11-Mar-09,AAER-2948,"PowerCold Corporation, Francis L. Simola, Joseph C. Cahill, and Grayling R. Hofer Release No. LR-20945, AAER-2948 See Also: SEC Complaint",https://www.sec.gov/enforcement-litigation/litigation-releases/lr-20945 | https://www.sec.gov/files/litigation/complaints/2009/comp20945.pdf,SEC AAER index + company-name candidate matching,OPOWER,OPOWER,False,0.0,WEAK_OR_FALSE_MATCH—MANUAL_REVIEW,AUTO_REJECT_OBVIOUS_MISMATCH,No distinctive company-name token appears in the AAER title.
0,REVIEW,,1557340,"OPTEC INTERNATIONAL, INC.",2010,89.47,11-May-10,AAER-3134,"Diatect International Corp., et al. Release No. LR-21524, AAER-3134",https://www.sec.gov/enforcement-litigation/litigation-releases/lr-21524,SEC AAER index + company-name candidate matching,OPTEC INTERNATIONAL,OPTEC,False,0.0,WEAK_OR_FALSE_MATCH—MANUAL_REVIEW,AUTO_REJECT_OBVIOUS_MISMATCH,No distinctive company-name token appears in the AAER title.
0,REVIEW,,1562733,"ORO CAPITAL CORPORATION, INC.",2015,90.91,8-Jul-15,AAER-3670,"Vero Capital Management, LLC Geiger, Robert Barbaresi, George Downey, Steven, CPA Release No. 34-75401, AAER-3670, IA-4138, IC-31710",https://www.sec.gov/files/litigation/admin/2015/34-75401.pdf,SEC AAER index + company-name candidate matching,ORO CAPITAL,ORO,False,0.0,WEAK_OR_FALSE_MATCH—MANUAL_REVIEW,AUTO_REJECT_OBVIOUS_MISMATCH,No distinctive company-name token appears in the AAER title.
0,REVIEW,,911421,PARTNERRE LTD,2023,88.89,26-May-23,AAER-4411,"Gartner, Inc. Release No. 34-97609, AAER-4411 See Also: Administrative Summary",https://www.sec.gov/files/litigation/admin/2023/34-97609.pdf | https://www.sec.gov/enforce/34-97609-s,SEC AAER index + company-name candidate matching,PARTNERRE,PARTNERRE,False,0.0,WEAK_OR_FALSE_MATCH—MANUAL_REVIEW,AUTO_REJECT_OBVIOUS_MISMATCH,No distinctive company-name token appears in the AAER title.
0,REVIEW,,1362703,PEDIATRX INC.,2009,93.33,5-Mar-09,AAER-2943,"Pediatrix Medical Group, Inc. Release No. LR-20927, AAER-2943 See Also: SEC Complaint",https://www.sec.gov/enforcement-litigation/litigation-releases/lr-20927 | https://www.sec.gov/files/litigation/complaints/2009/comp20927.pdf,SEC AAER index + company-name candidate matching,PEDIATRX,PEDIATRX,False,0.0,WEAK_OR_FALSE_MATCH—MANUAL_REVIEW,AUTO_REJECT_OBVIOUS_MISMATCH,No distinctive company-name token appears in the AAER title.
0,REVIEW,,1506293,"PINTEREST, INC.",2023,88.89,6-Mar-23,AAER-4384,"Flutter Entertainment and plc as successor-in-interest to The Stars Group, Inc. (Corrected) Release No. 34-97044, AAER-4384 See Also: Administrative Summary",https://www.sec.gov/files/litigation/admin/2023/34-97044.pdf | http://www.sec.gov/enforce/34-97044-s,SEC AAER index + company-name candidate matching,PINTEREST,PINTEREST,False,0.0,WEAK_OR_FALSE_MATCH—MANUAL_REVIEW,AUTO_REJECT_OBVIOUS_MISMATCH,No distinctive company-name token appears in the AAER title.
0,LIKELY COMPANY MATCH,,879682,PLC SYSTEMS INC,2010,100,16-Jul-10,AAER-3154,"Trident Microsystems, Inc., Frank C. Lin, and Peter Y. Jen Release No. LR-21593, AAER-3154 See Also: SEC Complaint",https://www.sec.gov/enforcement-litigation/litigation-releases/lr-21593 | https://www.sec.gov/files/litigation/complaints/2010/comp21593.pdf,SEC AAER index + company-name candidate matching,SYSTEMS,,False,0.0,WEAK_OR_FALSE_MATCH—MANUAL_REVIEW,AUTO_REJECT_OBVIOUS_MISMATCH,No distinctive company-name token appears in the AAER title.
0,LIKELY COMPANY MATCH,,879682,PLC SYSTEMS INC,2019,100,6-Mar-19,AAER-4028,"Mobile TeleSystems PJSC Release No. 34-85261, AAER-4028",https://www.sec.gov/files/litigation/admin/2019/34-85261.pdf,SEC AAER index + company-name candidate matching,SYSTEMS,,False,0.0,WEAK_OR_FALSE_MATCH—MANUAL_REVIEW,AUTO_REJECT_OBVIOUS_MISMATCH,No distinctive company-name token appears in the AAER title.
0,REVIEW,,1540615,"PUGET TECHNOLOGIES, INC.",2010,88.89,9-Jun-10,AAER-3142,"Lucent Technologies, Inc., et al. Release No. LR-21551, AAER-3142",https://www.sec.gov/enforcement-litigation/litigation-releases/lr-21551,SEC AAER index + company-name candidate matching,PUGET TECHNOLOGIES,PUGET,False,0.0,WEAK_OR_FALSE_MATCH—MANUAL_REVIEW,AUTO_REJECT_OBVIOUS_MISMATCH,No distinctive company-name token appears in the AAER title.
0,REVIEW,,1094032,QDM INTERNATIONAL INC.,2013,88.24,1-Jul-13,AAER-3483,"Fuqi International, Inc. Release No. LR-22739, AAER-3483 See Also: SEC Complaint",https://www.sec.gov/enforcement-litigation/litigation-releases/lr-22739 | https://www.sec.gov/files/litigation/complaints/2013/comp22739.pdf,SEC AAER index + company-name candidate matching,QDM INTERNATIONAL,QDM,False,0.0,WEAK_OR_FALSE_MATCH—MANUAL_REVIEW,AUTO_REJECT_OBVIOUS_MISMATCH,No distinctive company-name token appears in the AAER title.
0,REVIEW,,68622,QWEST CORP,2009,88.89,23-Jul-09,AAER-3019,"West Marine, Inc. Release No. LR-21150, AAER-3019 See Also: SEC Complaint",https://www.sec.gov/enforcement-litigation/litigation-releases/lr-21150 | https://www.sec.gov/files/litigation/complaints/2009/comp21150.pdf,SEC AAER index + company-name candidate matching,QWEST,QWEST,False,0.0,WEAK_OR_FALSE_MATCH—MANUAL_REVIEW,AUTO_REJECT_OBVIOUS_MISMATCH,No distinctive company-name token appears in the AAER title.
0,REVIEW,,68622,QWEST CORP,2016,88.89,9-Mar-16,AAER-3752,"Westlands Water District, Thomas W. Birmingham and Louie David Ciapponi Release No. 33-10053, AAER-3752",https://www.sec.gov/files/litigation/admin/2016/33-10053.pdf,SEC AAER index + company-name candidate matching,QWEST,QWEST,False,0.0,WEAK_OR_FALSE_MATCH—MANUAL_REVIEW,AUTO_REJECT_OBVIOUS_MISMATCH,No distinctive company-name token appears in the AAER title.
0,REVIEW,,1522538,"RAINBOW INTERNATIONAL, CORP.",2013,92.31,15-May-13,AAER-3482,"RINO International Corporation, Dejun ""David"" Zou, and Jianping ""Amy"" Qiu Release No. LR-22699, AAER-3482 See Also: SEC Complaint",https://www.sec.gov/enforcement-litigation/litigation-releases/lr-22699 | https://www.sec.gov/files/litigation/complaints/2013/comp-pr2013-87.pdf,SEC AAER index + company-name candidate matching,RAINBOW INTERNATIONAL,RAINBOW,False,0.0,WEAK_OR_FALSE_MATCH—MANUAL_REVIEW,AUTO_REJECT_OBVIOUS_MISMATCH,No distinctive company-name token appears in the AAER title.
0,REVIEW,,1282648,RAM ENERGY RESOURCES INC,2016,90,7-Jun-16,AAER-3778,"Miller Energy Resources, Inc. Boyd, Paul W., CPA Hall, David M. Vogt, Carlton W., III, CPA Release No. 33-10089, 34-78007, AAER-3778",https://www.sec.gov/files/litigation/admin/2016/33-10089.pdf,SEC AAER index + company-name candidate matching,RAM ENERGY RESOURCES,RAM,False,0.0,WEAK_OR_FALSE_MATCH—MANUAL_REVIEW,AUTO_REJECT_OBVIOUS_MISMATCH,No distinctive company-name token appears in the AAER title.
0,REVIEW,,1282648,RAM ENERGY RESOURCES INC,2016,90,7-Jun-16,AAER-3779,"Miller Energy Resources, Inc. Boyd, Paul W., CPA Hall, David M. Vogt, Carlton W., III, CPA Release No. 33-10090, 34-78008, AAER-3779",https://www.sec.gov/files/litigation/admin/2016/33-10090.pdf,SEC AAER index + company-name candidate matching,RAM ENERGY RESOURCES,RAM,False,0.0,WEAK_OR_FALSE_MATCH—MANUAL_REVIEW,AUTO_REJECT_OBVIOUS_MISMATCH,No distinctive company-name token appears in the AAER title.
0,REVIEW,,1282648,RAM ENERGY RESOURCES INC,2016,90,7-Jun-16,AAER-3780,"Miller Energy Resources, Inc. Boyd, Paul W., CPA Hall, David M. Vogt, Carlton W., III, CPA Release No. 33-10091, 34-78009, AAER-3780",https://www.sec.gov/files/litigation/admin/2016/33-10091.pdf,SEC AAER index + company-name candidate matching,RAM ENERGY RESOURCES,RAM,False,0.0,WEAK_OR_FALSE_MATCH—MANUAL_REVIEW,AUTO_REJECT_OBVIOUS_MISMATCH,No distinctive company-name token appears in the AAER title.
0,REVIEW,,1499034,RARUS TECHNOLOGIES INC,2023,88.89,5-Jun-23,AAER-4417,"Cantaloupe, Inc. (f/k/a USA Technologies, Inc.) Release No. 33-11202, 34-97651, AAER-4417 See Also: Administrative Summary",https://www.sec.gov/files/litigation/admin/2023/33-11202.pdf | https://www.sec.gov/enforce/33-11202-s,SEC AAER index + company-name candidate matching,RARUS TECHNOLOGIES,RARUS,False,0.0,WEAK_OR_FALSE_MATCH—MANUAL_REVIEW,AUTO_REJECT_OBVIOUS_MISMATCH,No distinctive company-name token appears in the AAER title.
0,REVIEW,,1532158,"REBEL GROUP, INC.",2011,88.89,14-Apr-11,AAER-3270,"Rebecca Lynn Higgins Release No. LR-21930, AAER-3270 See Also: SEC Complaint",https://www.sec.gov/enforcement-litigation/litigation-releases/lr-21930 | https://www.sec.gov/files/litigation/complaints/2011/comp21930.pdf,SEC AAER index + company-name candidate matching,REBEL GROUP,REBEL,False,0.0,WEAK_OR_FALSE_MATCH—MANUAL_REVIEW,AUTO_REJECT_OBVIOUS_MISMATCH,No distinctive company-name token appears in the AAER title.
0,LIKELY COMPANY MATCH,,1439746,"RESOURCE HOLDINGS, INC.",2016,100,10-Mar-16,AAER-3756,"Magnum Hunter Resources Corporation Release No. 34-77345, AAER-3756",https://www.sec.gov/files/litigation/admin/2016/34-77345.pdf,SEC AAER index + company-name candidate matching,RESOURCE,,False,0.0,WEAK_OR_FALSE_MATCH—MANUAL_REVIEW,AUTO_REJECT_OBVIOUS_MISMATCH,Candidate name contains only generic/short terms and the full legal entity was not found.
0,LIKELY COMPANY MATCH,,1439746,"RESOURCE HOLDINGS, INC.",2016,100,7-Jun-16,AAER-3778,"Miller Energy Resources, Inc. Boyd, Paul W., CPA Hall, David M. Vogt, Carlton W., III, CPA Release No. 33-10089, 34-78007, AAER-3778",https://www.sec.gov/files/litigation/admin/2016/33-10089.pdf,SEC AAER index + company-name candidate matching,RESOURCE,,False,0.0,WEAK_OR_FALSE_MATCH—MANUAL_REVIEW,AUTO_REJECT_OBVIOUS_MISMATCH,Candidate name contains only generic/short terms and the full legal entity was not found.
0,LIKELY COMPANY MATCH,,1439746,"RESOURCE HOLDINGS, INC.",2016,100,7-Jun-16,AAER-3779,"Miller Energy Resources, Inc. Boyd, Paul W., CPA Hall, David M. Vogt, Carlton W., III, CPA Release No. 33-10090, 34-78008, AAER-3779",https://www.sec.gov/files/litigation/admin/2016/33-10090.pdf,SEC AAER index + company-name candidate matching,RESOURCE,,False,0.0,WEAK_OR_FALSE_MATCH—MANUAL_REVIEW,AUTO_REJECT_OBVIOUS_MISMATCH,Candidate name contains only generic/short terms and the full legal entity was not found.
0,LIKELY COMPANY MATCH,,1439746,"RESOURCE HOLDINGS, INC.",2016,100,7-Jun-16,AAER-3780,"Miller Energy Resources, Inc. Boyd, Paul W., CPA Hall, David M. Vogt, Carlton W., III, CPA Release No. 33-10091, 34-78009, AAER-3780",https://www.sec.gov/files/litigation/admin/2016/33-10091.pdf,SEC AAER index + company-name candidate matching,RESOURCE,,False,0.0,WEAK_OR_FALSE_MATCH—MANUAL_REVIEW,AUTO_REJECT_OBVIOUS_MISMATCH,Candidate name contains only generic/short terms and the full legal entity was not found.
0,LIKELY COMPANY MATCH,,1439746,"RESOURCE HOLDINGS, INC.",2021,100,29-Apr-21,AAER-4212,"Fortem Resources, Inc. Release No. 34-91715, AAER-4212",https://www.sec.gov/files/litigation/admin/2021/34-91715.pdf,SEC AAER index + company-name candidate matching,RESOURCE,,False,0.0,WEAK_OR_FALSE_MATCH—MANUAL_REVIEW,AUTO_REJECT_OBVIOUS_MISMATCH,Candidate name contains only generic/short terms and the full legal entity was not found.
0,REVIEW,,1069533,RGC RESOURCES INC,2016,92.31,7-Jun-16,AAER-3778,"Miller Energy Resources, Inc. Boyd, Paul W., CPA Hall, David M. Vogt, Carlton W., III, CPA Release No. 33-10089, 34-78007, AAER-3778",https://www.sec.gov/files/litigation/admin/2016/33-10089.pdf,SEC AAER index + company-name candidate matching,RGC RESOURCES,RGC,False,0.0,WEAK_OR_FALSE_MATCH—MANUAL_REVIEW,AUTO_REJECT_OBVIOUS_MISMATCH,No distinctive company-name token appears in the AAER title.
0,REVIEW,,1069533,RGC RESOURCES INC,2016,92.31,7-Jun-16,AAER-3779,"Miller Energy Resources, Inc. Boyd, Paul W., CPA Hall, David M. Vogt, Carlton W., III, CPA Release No. 33-10090, 34-78008, AAER-3779",https://www.sec.gov/files/litigation/admin/2016/33-10090.pdf,SEC AAER index + company-name candidate matching,RGC RESOURCES,RGC,False,0.0,WEAK_OR_FALSE_MATCH—MANUAL_REVIEW,AUTO_REJECT_OBVIOUS_MISMATCH,No distinctive company-name token appears in the AAER title.
0,REVIEW,,1069533,RGC RESOURCES INC,2016,92.31,7-Jun-16,AAER-3780,"Miller Energy Resources, Inc. Boyd, Paul W., CPA Hall, David M. Vogt, Carlton W., III, CPA Release No. 33-10091, 34-78009, AAER-3780",https://www.sec.gov/files/litigation/admin/2016/33-10091.pdf,SEC AAER index + company-name candidate matching,RGC RESOURCES,RGC,False,0.0,WEAK_OR_FALSE_MATCH—MANUAL_REVIEW,AUTO_REJECT_OBVIOUS_MISMATCH,No distinctive company-name token appears in the AAER title.
0,REVIEW,,1604778,"ROCKY HOLDING, INC.",2011,88.89,3-May-11,AAER-3274,"Rockwell Automation, Inc. Release No. 34-64380, AAER-3274",https://www.sec.gov/files/litigation/admin/2011/34-64380.pdf,SEC AAER index + company-name candidate matching,ROCKY,ROCKY,False,0.0,WEAK_OR_FALSE_MATCH—MANUAL_REVIEW,AUTO_REJECT_OBVIOUS_MISMATCH,No distinctive company-name token appears in the AAER title.
0,REVIEW,,1419559,"RT TECHNOLOGIES, INC.",2010,93.33,9-Jun-10,AAER-3142,"Lucent Technologies, Inc., et al. Release No. LR-21551, AAER-3142",https://www.sec.gov/enforcement-litigation/litigation-releases/lr-21551,SEC AAER index + company-name candidate matching,RT TECHNOLOGIES,,False,0.0,WEAK_OR_FALSE_MATCH—MANUAL_REVIEW,AUTO_REJECT_OBVIOUS_MISMATCH,Candidate name contains only generic/short terms and the full legal entity was not found.
0,REVIEW,,1419559,"RT TECHNOLOGIES, INC.",2023,93.33,13-Mar-23,AAER-4390,"Evoqua Water Technologies Corp. and Imran Parekh Release No. LR-25662, AAER-4390 See Also: SEC Complaint",https://www.sec.gov/enforcement-litigation/litigation-releases/lr-25662 | https://www.sec.gov/files/litigation/complaints/2023/comp25662.pdf,SEC AAER index + company-name candidate matching,RT TECHNOLOGIES,,False,0.0,WEAK_OR_FALSE_MATCH—MANUAL_REVIEW,AUTO_REJECT_OBVIOUS_MISMATCH,Candidate name contains only generic/short terms and the full legal entity was not found.
0,REVIEW,,1419559,"RT TECHNOLOGIES, INC.",2024,93.33,15-Mar-24,AAER-4493,"Evoqua Water Technologies Corp. and Imran Parekh Release No. LR-25950, AAER-4493 See Also: Final Judgment - Evoqua Water Technologies , Final Judgment - Imran Parekh , Partial Judgment - Imran Parekh",https://www.sec.gov/enforcement-litigation/litigation-releases/lr-25950 | https://www.sec.gov/files/litigation/litreleases/2024/judg25950-evoqua.pdf | https://www.sec.gov/files/litigation/litreleases/2024/judg25950-parekh.pdf | https://www.sec.gov/files/litigation/litreleases/2024/partjudg25950-parekh.pdf,SEC AAER index + company-name candidate matching,RT TECHNOLOGIES,,False,0.0,WEAK_OR_FALSE_MATCH—MANUAL_REVIEW,AUTO_REJECT_OBVIOUS_MISMATCH,Candidate name contains only generic/short terms and the full legal entity was not found.
0,REVIEW,,1453086,RX TECHNOLOGIES CORP.,2023,93.33,13-Mar-23,AAER-4390,"Evoqua Water Technologies Corp. and Imran Parekh Release No. LR-25662, AAER-4390 See Also: SEC Complaint",https://www.sec.gov/enforcement-litigation/litigation-releases/lr-25662 | https://www.sec.gov/files/litigation/complaints/2023/comp25662.pdf,SEC AAER index + company-name candidate matching,RX TECHNOLOGIES,,False,0.0,WEAK_OR_FALSE_MATCH—MANUAL_REVIEW,AUTO_REJECT_OBVIOUS_MISMATCH,Candidate name contains only generic/short terms and the full legal entity was not found.
0,REVIEW,,1453086,RX TECHNOLOGIES CORP.,2024,93.33,15-Mar-24,AAER-4493,"Evoqua Water Technologies Corp. and Imran Parekh Release No. LR-25950, AAER-4493 See Also: Final Judgment - Evoqua Water Technologies , Final Judgment - Imran Parekh , Partial Judgment - Imran Parekh",https://www.sec.gov/enforcement-litigation/litigation-releases/lr-25950 | https://www.sec.gov/files/litigation/litreleases/2024/judg25950-evoqua.pdf | https://www.sec.gov/files/litigation/litreleases/2024/judg25950-parekh.pdf | https://www.sec.gov/files/litigation/litreleases/2024/partjudg25950-parekh.pdf,SEC AAER index + company-name candidate matching,RX TECHNOLOGIES,,False,0.0,WEAK_OR_FALSE_MATCH—MANUAL_REVIEW,AUTO_REJECT_OBVIOUS_MISMATCH,Candidate name contains only generic/short terms and the full legal entity was not found.
0,REVIEW,,800286,SED INTERNATIONAL HOLDINGS INC,2010,94.12,5-May-10,AAER-3131,"Spongetech Delivery Systems, Inc., RM Enterprises International, Inc., Steven Y. Moskowitz, Michael E. Metter, George Speranza, Joel Pensley and Jack Halperin Release No. LR-21515, AAER-3131 See Also: SEC Complaint",https://www.sec.gov/enforcement-litigation/litigation-releases/lr-21515 | https://www.sec.gov/files/litigation/complaints/2010/comp21515.pdf,SEC AAER index + company-name candidate matching,SED INTERNATIONAL,SED,False,0.0,WEAK_OR_FALSE_MATCH—MANUAL_REVIEW,AUTO_REJECT_OBVIOUS_MISMATCH,No distinctive company-name token appears in the AAER title.
0,REVIEW,,1359527,"SGS INTERNATIONAL, INC.",2010,94.12,5-May-10,AAER-3131,"Spongetech Delivery Systems, Inc., RM Enterprises International, Inc., Steven Y. Moskowitz, Michael E. Metter, George Speranza, Joel Pensley and Jack Halperin Release No. LR-21515, AAER-3131 See Also: SEC Complaint",https://www.sec.gov/enforcement-litigation/litigation-releases/lr-21515 | https://www.sec.gov/files/litigation/complaints/2010/comp21515.pdf,SEC AAER index + company-name candidate matching,SGS INTERNATIONAL,SGS,False,0.0,WEAK_OR_FALSE_MATCH—MANUAL_REVIEW,AUTO_REJECT_OBVIOUS_MISMATCH,No distinctive company-name token appears in the AAER title.
0,REVIEW,,936402,SHIRE PLC,2014,88.89,27-Mar-14,AAER-3546,"Shirley Kiang Release No. 34-71824, AAER-3546",https://www.sec.gov/files/litigation/admin/2014/34-71824.pdf,SEC AAER index + company-name candidate matching,SHIRE,SHIRE,False,0.0,WEAK_OR_FALSE_MATCH—MANUAL_REVIEW,AUTO_REJECT_OBVIOUS_MISMATCH,No distinctive company-name token appears in the AAER title.
0,LIKELY COMPANY MATCH,,936402,SHIRE PLC,2019,100,10-Apr-19,AAER-4039,"Adam C. Derbyshire Release No. 33-10627, 34-85582, AAER-4039",https://www.sec.gov/files/litigation/admin/2019/33-10627.pdf,SEC AAER index + company-name candidate matching,SHIRE,SHIRE,False,0.0,WEAK_OR_FALSE_MATCH—MANUAL_REVIEW,AUTO_REJECT_OBVIOUS_MISMATCH,No distinctive company-name token appears in the AAER title.
0,LIKELY COMPANY MATCH,,1971213,"SINCLAIR, INC.",2020,100,28-Apr-20,AAER-4132,"Ross, Sinclaire & Associates, LLC and Murray Sinclaire, Jr. Release No. 34-88762, AAER-4132",https://www.sec.gov/files/litigation/admin/2020/34-88762.pdf,SEC AAER index + company-name candidate matching,SINCLAIR,SINCLAIR,False,0.0,WEAK_OR_FALSE_MATCH—MANUAL_REVIEW,AUTO_REJECT_OBVIOUS_MISMATCH,No distinctive company-name token appears in the AAER title.
0,REVIEW,,89270,SL INDUSTRIES INC,2009,92.31,17-Jul-09,AAER-3015,"LSB Industries, Inc. and Jimmie Dean Jones, CPA Release No. 34-60336, AAER-3015",https://www.sec.gov/files/litigation/admin/2009/34-60336.pdf,SEC AAER index + company-name candidate matching,SL INDUSTRIES,,False,0.0,WEAK_OR_FALSE_MATCH—MANUAL_REVIEW,AUTO_REJECT_OBVIOUS_MISMATCH,Candidate name contains only generic/short terms and the full legal entity was not found.
0,LIKELY COMPANY MATCH,,868611,SONIC CORP,2018,100,30-Apr-18,AAER-3938,"Panasonic Corporation Release No. 34-83128, AAER-3938",https://www.sec.gov/files/litigation/admin/2018/34-83128.pdf,SEC AAER index + company-name candidate matching,SONIC,SONIC,False,0.0,WEAK_OR_FALSE_MATCH—MANUAL_REVIEW,AUTO_REJECT_OBVIOUS_MISMATCH,No distinctive company-name token appears in the AAER title.
0,LIKELY COMPANY MATCH,,731657,SPIRE CORP,2009,100,27-May-09,AAER-2976,"Brian R. Spires, CPA Release No. 34-59980, AAER-2976",https://www.sec.gov/files/litigation/admin/2009/34-59980.pdf,SEC AAER index + company-name candidate matching,SPIRE,SPIRE,False,0.0,WEAK_OR_FALSE_MATCH—MANUAL_REVIEW,AUTO_REJECT_OBVIOUS_MISMATCH,No distinctive company-name token appears in the AAER title.
0,LIKELY COMPANY MATCH,,1126956,SPIRE INC,2009,100,27-May-09,AAER-2976,"Brian R. Spires, CPA Release No. 34-59980, AAER-2976",https://www.sec.gov/files/litigation/admin/2009/34-59980.pdf,SEC AAER index + company-name candidate matching,SPIRE,SPIRE,False,0.0,WEAK_OR_FALSE_MATCH—MANUAL_REVIEW,AUTO_REJECT_OBVIOUS_MISMATCH,No distinctive company-name token appears in the AAER title.
0,REVIEW,,1157408,"STRIDE, INC.",2010,90.91,16-Jul-10,AAER-3154,"Trident Microsystems, Inc., Frank C. Lin, and Peter Y. Jen Release No. LR-21593, AAER-3154 See Also: SEC Complaint",https://www.sec.gov/enforcement-litigation/litigation-releases/lr-21593 | https://www.sec.gov/files/litigation/complaints/2010/comp21593.pdf,SEC AAER index + company-name candidate matching,STRIDE,STRIDE,False,0.0,WEAK_OR_FALSE_MATCH—MANUAL_REVIEW,AUTO_REJECT_OBVIOUS_MISMATCH,No distinctive company-name token appears in the AAER title.
0,REVIEW,,1331745,"TAL INTERNATIONAL GROUP, INC.",2020,94.12,31-Jul-20,AAER-4153,"Valeant Pharmaceuticals International, Inc. and n/k/a Bausch Health Companies Inc. Release No. 33-10809, 34-89442, AAER-4153",https://www.sec.gov/files/litigation/admin/2020/33-10809.pdf,SEC AAER index + company-name candidate matching,TAL INTERNATIONAL GROUP,TAL,False,0.0,WEAK_OR_FALSE_MATCH—MANUAL_REVIEW,AUTO_REJECT_OBVIOUS_MISMATCH,No distinctive company-name token appears in the AAER title.
0,REVIEW,,944136,"TC GLOBAL, INC.",2020,88.89,12-May-20,AAER-4140,"TCA Fund Management Group Corp. and TCA Global Credit Fund GP, Ltd. Release No. LR-24815, AAER-4140",https://www.sec.gov/enforcement-litigation/litigation-releases/lr-24815,SEC AAER index + company-name candidate matching,TC GLOBAL,,False,0.0,WEAK_OR_FALSE_MATCH—MANUAL_REVIEW,AUTO_REJECT_OBVIOUS_MISMATCH,Candidate name contains only generic/short terms and the full legal entity was not found.
0,REVIEW,,934538,TECHE HOLDING CO,2010,88.89,28-Jun-10,AAER-3147,"Technip Release No. LR-21578, AAER-3147 See Also: SEC Complaint",https://www.sec.gov/enforcement-litigation/litigation-releases/lr-21578 | https://www.sec.gov/files/litigation/complaints/2010/comp-pr2010-110.pdf,SEC AAER index + company-name candidate matching,TECHE,TECHE,False,0.0,WEAK_OR_FALSE_MATCH—MANUAL_REVIEW,AUTO_REJECT_OBVIOUS_MISMATCH,No distinctive company-name token appears in the AAER title.
0,REVIEW,,350563,TECO ENERGY INC,2012,90.91,23-Apr-12,AAER-3383,"SinoTech Energy Limited, Qingzeng Liu, Guoqiang Xin, and Boxun Zhang Release No. LR-22341, AAER-3383",https://www.sec.gov/enforcement-litigation/litigation-releases/lr-22341,SEC AAER index + company-name candidate matching,TECO ENERGY,TECO,False,0.0,WEAK_OR_FALSE_MATCH—MANUAL_REVIEW,AUTO_REJECT_OBVIOUS_MISMATCH,No distinctive company-name token appears in the AAER title.
0,REVIEW,,1045150,TIER TECHNOLOGIES INC,2023,94.12,13-Mar-23,AAER-4390,"Evoqua Water Technologies Corp. and Imran Parekh Release No. LR-25662, AAER-4390 See Also: SEC Complaint",https://www.sec.gov/enforcement-litigation/litigation-releases/lr-25662 | https://www.sec.gov/files/litigation/complaints/2023/comp25662.pdf,SEC AAER index + company-name candidate matching,TIER TECHNOLOGIES,TIER,False,0.0,WEAK_OR_FALSE_MATCH—MANUAL_REVIEW,AUTO_REJECT_OBVIOUS_MISMATCH,No distinctive company-name token appears in the AAER title.
0,REVIEW,,1045150,TIER TECHNOLOGIES INC,2024,94.12,15-Mar-24,AAER-4493,"Evoqua Water Technologies Corp. and Imran Parekh Release No. LR-25950, AAER-4493 See Also: Final Judgment - Evoqua Water Technologies , Final Judgment - Imran Parekh , Partial Judgment - Imran Parekh",https://www.sec.gov/enforcement-litigation/litigation-releases/lr-25950 | https://www.sec.gov/files/litigation/litreleases/2024/judg25950-evoqua.pdf | https://www.sec.gov/files/litigation/litreleases/2024/judg25950-parekh.pdf | https://www.sec.gov/files/litigation/litreleases/2024/partjudg25950-parekh.pdf,SEC AAER index + company-name candidate matching,TIER TECHNOLOGIES,TIER,False,0.0,WEAK_OR_FALSE_MATCH—MANUAL_REVIEW,AUTO_REJECT_OBVIOUS_MISMATCH,No distinctive company-name token appears in the AAER title.
0,REVIEW,,1625584,TILL CAPITAL LTD.,2016,91.67,30-Mar-16,AAER-3761,"Burrill Capital Management, et al. Release No. 34-77473, AAER-3761, IA-4360, IC-32060",https://www.sec.gov/files/litigation/admin/2016/34-77473.pdf,SEC AAER index + company-name candidate matching,TILL CAPITAL,TILL,False,0.0,WEAK_OR_FALSE_MATCH—MANUAL_REVIEW,AUTO_REJECT_OBVIOUS_MISMATCH,No distinctive company-name token appears in the AAER title.
0,REVIEW,,1466258,TRANE TECHNOLOGIES PLC,2019,88.89,3-May-19,AAER-4045,"GT Advanced Technologies Inc. Release No. 33-10636, 34-85767, AAER-4045",https://www.sec.gov/files/litigation/admin/2019/33-10636.pdf,SEC AAER index + company-name candidate matching,TRANE TECHNOLOGIES,TRANE,False,0.0,WEAK_OR_FALSE_MATCH—MANUAL_REVIEW,AUTO_REJECT_OBVIOUS_MISMATCH,No distinctive company-name token appears in the AAER title.
0,REVIEW,,1620280,UNITI GROUP INC.,2009,88.89,29-May-09,AAER-2981,"United Industrial Corporation Release No. 34-60005, AAER-2981",https://www.sec.gov/files/litigation/admin/2009/34-60005.pdf,SEC AAER index + company-name candidate matching,UNITI GROUP,UNITI,False,0.0,WEAK_OR_FALSE_MATCH—MANUAL_REVIEW,AUTO_REJECT_OBVIOUS_MISMATCH,No distinctive company-name token appears in the AAER title.
0,REVIEW,,2020795,UNITI GROUP INC.,2009,88.89,29-May-09,AAER-2981,"United Industrial Corporation Release No. 34-60005, AAER-2981",https://www.sec.gov/files/litigation/admin/2009/34-60005.pdf,SEC AAER index + company-name candidate matching,UNITI GROUP,UNITI,False,0.0,WEAK_OR_FALSE_MATCH—MANUAL_REVIEW,AUTO_REJECT_OBVIOUS_MISMATCH,No distinctive company-name token appears in the AAER title.
0,LIKELY COMPANY MATCH,,1620280,UNITI GROUP INC.,2013,100,5-Mar-13,AAER-3448,"Peak Wealth Opportunities, LLC and David W. Dube, CPA Release No. 34-69036, IA-3562, IC-30414, AAER-3448",https://www.sec.gov/files/litigation/admin/2013/34-69036.pdf,SEC AAER index + company-name candidate matching,UNITI GROUP,UNITI,False,0.0,WEAK_OR_FALSE_MATCH—MANUAL_REVIEW,AUTO_REJECT_OBVIOUS_MISMATCH,No distinctive company-name token appears in the AAER title.
0,LIKELY COMPANY MATCH,,2020795,UNITI GROUP INC.,2013,100,5-Mar-13,AAER-3448,"Peak Wealth Opportunities, LLC and David W. Dube, CPA Release No. 34-69036, IA-3562, IC-30414, AAER-3448",https://www.sec.gov/files/litigation/admin/2013/34-69036.pdf,SEC AAER index + company-name candidate matching,UNITI GROUP,UNITI,False,0.0,WEAK_OR_FALSE_MATCH—MANUAL_REVIEW,AUTO_REJECT_OBVIOUS_MISMATCH,No distinctive company-name token appears in the AAER title.
0,REVIEW,,1848416,VERANO HOLDINGS CORP.,2009,90.91,2-Jul-09,AAER-3006,"Vernon Jeffrey Harrell Release No. 34-60242, AAER-3006",https://www.sec.gov/files/litigation/admin/2009/34-60242.pdf,SEC AAER index + company-name candidate matching,VERANO,VERANO,False,0.0,WEAK_OR_FALSE_MATCH—MANUAL_REVIEW,AUTO_REJECT_OBVIOUS_MISMATCH,No distinctive company-name token appears in the AAER title.
0,REVIEW,,1421182,VERSO CORP,2015,88.89,8-Jul-15,AAER-3670,"Vero Capital Management, LLC Geiger, Robert Barbaresi, George Downey, Steven, CPA Release No. 34-75401, AAER-3670, IA-4138, IC-31710",https://www.sec.gov/files/litigation/admin/2015/34-75401.pdf,SEC AAER index + company-name candidate matching,VERSO,VERSO,False,0.0,WEAK_OR_FALSE_MATCH—MANUAL_REVIEW,AUTO_REJECT_OBVIOUS_MISMATCH,No distinctive company-name token appears in the AAER title.
0,REVIEW,,1574300,"VESTA INTERNATIONAL, CORP.",2013,89.47,30-Apr-13,AAER-4298,"Artfest International, Inc., et al. Brenda P. Murray, Chief Administrative Law Judge Release No. 485, 34-68902, 34-69676, AAER-4298 See Also: Order Instituting Proceedings, Release No. 34-68902 , Finality Order, Release No. 34-69676",https://www.sec.gov/files/alj/aljdec/2013/id485bpm.pdf | https://www.sec.gov/files/litigation/admin/2013/34-68902.pdf | https://www.sec.gov/files/alj/aljdec/2013/34-69676.pdf,SEC AAER index + company-name candidate matching,VESTA INTERNATIONAL,VESTA,False,0.0,WEAK_OR_FALSE_MATCH—MANUAL_REVIEW,AUTO_REJECT_OBVIOUS_MISMATCH,No distinctive company-name token appears in the AAER title.
0,LIKELY COMPANY MATCH,,1579157,VINCE HOLDING CORP.,2009,100,12-Mar-09,AAER-2949,"Quest Software, Inc., Vincent C. Smith, John J. Laskey, and Kevin E. Brooks Release No. LR-20950, AAER-2949 See Also: SEC Complaint",https://www.sec.gov/enforcement-litigation/litigation-releases/lr-20950 | https://www.sec.gov/files/litigation/complaints/2009/comp20950.pdf,SEC AAER index + company-name candidate matching,VINCE,VINCE,False,0.0,WEAK_OR_FALSE_MATCH—MANUAL_REVIEW,AUTO_REJECT_OBVIOUS_MISMATCH,No distinctive company-name token appears in the AAER title.
0,REVIEW,,1819584,VOLTA INC.,2014,88.89,25-Jul-14,AAER-3569; AAER-3570; AAER-3569,"Volt Information Sciences, Inc. and Debra L. Hobbs; Jack J. Egan, Jr. Release No. LR-23051, AAER-3569 and AAER-3570, AAER-3569",https://www.sec.gov/enforcement-litigation/litigation-releases/lr-23051,SEC AAER index + company-name candidate matching,VOLTA,VOLTA,False,0.0,WEAK_OR_FALSE_MATCH—MANUAL_REVIEW,AUTO_REJECT_OBVIOUS_MISMATCH,No distinctive company-name token appears in the AAER title.
0,REVIEW,,772370,VSUS TECHNOLOGIES INC,2022,88.24,7-Jun-22,AAER-4302,"Synchronoss Technologies, Inc. Release No. 34-95049, AAER-4302",https://www.sec.gov/files/litigation/admin/2022/34-95049.pdf,SEC AAER index + company-name candidate matching,VSUS TECHNOLOGIES,VSUS,False,0.0,WEAK_OR_FALSE_MATCH—MANUAL_REVIEW,AUTO_REJECT_OBVIOUS_MISMATCH,No distinctive company-name token appears in the AAER title.
0,REVIEW,,924396,"W TECHNOLOGIES, INC.",2010,92.86,7-Apr-10,AAER-3126,"Symbol Technologies, Inc., et al. Release No. LR-21480, AAER-3126",https://www.sec.gov/enforcement-litigation/litigation-releases/lr-21480,SEC AAER index + company-name candidate matching,W TECHNOLOGIES,,False,0.0,WEAK_OR_FALSE_MATCH—MANUAL_REVIEW,AUTO_REJECT_OBVIOUS_MISMATCH,Candidate name contains only generic/short terms and the full legal entity was not found.
0,REVIEW,,924396,"W TECHNOLOGIES, INC.",2010,92.86,9-Jun-10,AAER-3142,"Lucent Technologies, Inc., et al. Release No. LR-21551, AAER-3142",https://www.sec.gov/enforcement-litigation/litigation-releases/lr-21551,SEC AAER index + company-name candidate matching,W TECHNOLOGIES,,False,0.0,WEAK_OR_FALSE_MATCH—MANUAL_REVIEW,AUTO_REJECT_OBVIOUS_MISMATCH,Candidate name contains only generic/short terms and the full legal entity was not found.
0,REVIEW,,924396,"W TECHNOLOGIES, INC.",2018,92.86,27-Mar-18,AAER-3932,"Maxwell Technologies, Inc., et al. Release No. 33-10472, 34-82950, AAER-3932",https://www.sec.gov/files/litigation/admin/2018/33-10472.pdf,SEC AAER index + company-name candidate matching,W TECHNOLOGIES,,False,0.0,WEAK_OR_FALSE_MATCH—MANUAL_REVIEW,AUTO_REJECT_OBVIOUS_MISMATCH,Candidate name contains only generic/short terms and the full legal entity was not found.
0,REVIEW,,924396,"W TECHNOLOGIES, INC.",2019,92.86,3-May-19,AAER-4045,"GT Advanced Technologies Inc. Release No. 33-10636, 34-85767, AAER-4045",https://www.sec.gov/files/litigation/admin/2019/33-10636.pdf,SEC AAER index + company-name candidate matching,W TECHNOLOGIES,,False,0.0,WEAK_OR_FALSE_MATCH—MANUAL_REVIEW,AUTO_REJECT_OBVIOUS_MISMATCH,Candidate name contains only generic/short terms and the full legal entity was not found.
0,REVIEW,,924396,"W TECHNOLOGIES, INC.",2022,92.86,7-Jun-22,AAER-4302,"Synchronoss Technologies, Inc. Release No. 34-95049, AAER-4302",https://www.sec.gov/files/litigation/admin/2022/34-95049.pdf,SEC AAER index + company-name candidate matching,W TECHNOLOGIES,,False,0.0,WEAK_OR_FALSE_MATCH—MANUAL_REVIEW,AUTO_REJECT_OBVIOUS_MISMATCH,Candidate name contains only generic/short terms and the full legal entity was not found.
0,REVIEW,,924396,"W TECHNOLOGIES, INC.",2023,92.86,13-Mar-23,AAER-4390,"Evoqua Water Technologies Corp. and Imran Parekh Release No. LR-25662, AAER-4390 See Also: SEC Complaint",https://www.sec.gov/enforcement-litigation/litigation-releases/lr-25662 | https://www.sec.gov/files/litigation/complaints/2023/comp25662.pdf,SEC AAER index + company-name candidate matching,W TECHNOLOGIES,,False,0.0,WEAK_OR_FALSE_MATCH—MANUAL_REVIEW,AUTO_REJECT_OBVIOUS_MISMATCH,Candidate name contains only generic/short terms and the full legal entity was not found.
0,REVIEW,,924396,"W TECHNOLOGIES, INC.",2023,92.86,5-Jun-23,AAER-4417,"Cantaloupe, Inc. (f/k/a USA Technologies, Inc.) Release No. 33-11202, 34-97651, AAER-4417 See Also: Administrative Summary",https://www.sec.gov/files/litigation/admin/2023/33-11202.pdf | https://www.sec.gov/enforce/33-11202-s,SEC AAER index + company-name candidate matching,W TECHNOLOGIES,,False,0.0,WEAK_OR_FALSE_MATCH—MANUAL_REVIEW,AUTO_REJECT_OBVIOUS_MISMATCH,Candidate name contains only generic/short terms and the full legal entity was not found.
0,REVIEW,,924396,"W TECHNOLOGIES, INC.",2024,92.86,15-Mar-24,AAER-4493,"Evoqua Water Technologies Corp. and Imran Parekh Release No. LR-25950, AAER-4493 See Also: Final Judgment - Evoqua Water Technologies , Final Judgment - Imran Parekh , Partial Judgment - Imran Parekh",https://www.sec.gov/enforcement-litigation/litigation-releases/lr-25950 | https://www.sec.gov/files/litigation/litreleases/2024/judg25950-evoqua.pdf | https://www.sec.gov/files/litigation/litreleases/2024/judg25950-parekh.pdf | https://www.sec.gov/files/litigation/litreleases/2024/partjudg25950-parekh.pdf,SEC AAER index + company-name candidate matching,W TECHNOLOGIES,,False,0.0,WEAK_OR_FALSE_MATCH—MANUAL_REVIEW,AUTO_REJECT_OBVIOUS_MISMATCH,Candidate name contains only generic/short terms and the full legal entity was not found.
0,REVIEW,,783325,"WEC ENERGY GROUP, INC.",2012,90,23-Apr-12,AAER-3383,"SinoTech Energy Limited, Qingzeng Liu, Guoqiang Xin, and Boxun Zhang Release No. LR-22341, AAER-3383",https://www.sec.gov/enforcement-litigation/litigation-releases/lr-22341,SEC AAER index + company-name candidate matching,WEC ENERGY GROUP,WEC,False,0.0,WEAK_OR_FALSE_MATCH—MANUAL_REVIEW,AUTO_REJECT_OBVIOUS_MISMATCH,No distinctive company-name token appears in the AAER title.
0,REVIEW,,1140536,WILLIS GROUP HOLDINGS PLC,2009,90.91,18-Mar-09,AAER-2952,"William D. Shovers, CPA Release No. 34-59596, AAER-2952 See Also: William D. Shovers (Order Denying Motion to Lift Temporary Suspension and Directing Hearing)",https://www.sec.gov/files/litigation/admin/2009/34-59596.pdf | https://www.sec.gov/files/litigation/opinions/2009/34-59874.pdf,SEC AAER index + company-name candidate matching,WILLIS GROUP,WILLIS,False,0.0,WEAK_OR_FALSE_MATCH—MANUAL_REVIEW,AUTO_REJECT_OBVIOUS_MISMATCH,No distinctive company-name token appears in the AAER title.
0,REVIEW,,1140536,WILLIS GROUP HOLDINGS PLC,2010,90.91,9-Jun-10,AAER-3141,"William G. Mortensen and Feng Zheng Release No. LR-21550, AAER-3141",https://www.sec.gov/enforcement-litigation/litigation-releases/lr-21550,SEC AAER index + company-name candidate matching,WILLIS GROUP,WILLIS,False,0.0,WEAK_OR_FALSE_MATCH—MANUAL_REVIEW,AUTO_REJECT_OBVIOUS_MISMATCH,No distinctive company-name token appears in the AAER title.
0,REVIEW,,1140536,WILLIS GROUP HOLDINGS PLC,2017,90.91,4-Apr-17,AAER-3864,"William Joseph Kouser Jr., CPA and Ryan James Dougherty, CPA Release No. 34-80370, AAER-3864",https://www.sec.gov/files/litigation/admin/2017/34-80370.pdf,SEC AAER index + company-name candidate matching,WILLIS GROUP,WILLIS,False,0.0,WEAK_OR_FALSE_MATCH—MANUAL_REVIEW,AUTO_REJECT_OBVIOUS_MISMATCH,No distinctive company-name token appears in the AAER title.
0,REVIEW,,1140536,WILLIS GROUP HOLDINGS PLC,2020,90.91,28-Apr-20,AAER-4132,"William M. Aisenberg, CPA (Corrected) Release No. 34-88763, AAER-4132",https://www.sec.gov/files/litigation/admin/2020/34-88763.pdf,SEC AAER index + company-name candidate matching,WILLIS GROUP,WILLIS,False,0.0,WEAK_OR_FALSE_MATCH—MANUAL_REVIEW,AUTO_REJECT_OBVIOUS_MISMATCH,No distinctive company-name token appears in the AAER title.
0,REVIEW,,1140536,WILLIS GROUP HOLDINGS PLC,2023,90.91,7-Apr-23,AAER-4398,"William Eric Meek Release No. 34-97270, AAER-4398",https://www.sec.gov/files/34-97270.pdf,SEC AAER index + company-name candidate matching,WILLIS GROUP,WILLIS,False,0.0,WEAK_OR_FALSE_MATCH—MANUAL_REVIEW,AUTO_REJECT_OBVIOUS_MISMATCH,No distinctive company-name token appears in the AAER title.
0,REVIEW,,105319,"WW INTERNATIONAL, INC.",2011,89.66,18-Mar-11,AAER-3254,"International Business Machines Corporation Release No. LR-21889, AAER-3254 See Also: SEC Complaint",https://www.sec.gov/enforcement-litigation/litigation-releases/lr-21889 | https://www.sec.gov/files/litigation/complaints/2011/comp21889.pdf,SEC AAER index + company-name candidate matching,WW INTERNATIONAL,,False,0.0,WEAK_OR_FALSE_MATCH—MANUAL_REVIEW,AUTO_REJECT_OBVIOUS_MISMATCH,Candidate name contains only generic/short terms and the full legal entity was not found.
0,REVIEW,,1560143,WYTEC INTERNATIONAL INC,2010,89.47,11-May-10,AAER-3134,"Diatect International Corp., et al. Release No. LR-21524, AAER-3134",https://www.sec.gov/enforcement-litigation/litigation-releases/lr-21524,SEC AAER index + company-name candidate matching,WYTEC INTERNATIONAL,WYTEC,False,0.0,WEAK_OR_FALSE_MATCH—MANUAL_REVIEW,AUTO_REJECT_OBVIOUS_MISMATCH,No distinctive company-name token appears in the AAER title.
0,REVIEW,,1565228,"XG TECHNOLOGY, INC.",2023,92.31,14-Mar-23,AAER-4391,"DXC Technology Company Release No. 33-11166, 34-97140, AAER-4391",https://www.sec.gov/files/litigation/admin/2023/33-11166.pdf,SEC AAER index + company-name candidate matching,XG TECHNOLOGY,,False,0.0,WEAK_OR_FALSE_MATCH—MANUAL_REVIEW,AUTO_REJECT_OBVIOUS_MISMATCH,Candidate name contains only generic/short terms and the full legal entity was not found.
0,REVIEW,,1410428,"XWELL, INC.",2009,88.89,18-May-09,AAER-2971,"WellCare Health Plans, Inc. Release No. LR-21044, AAER-2971 See Also: SEC Complaint",https://www.sec.gov/enforcement-litigation/litigation-releases/lr-21044 | https://www.sec.gov/files/litigation/complaints/2009/comp21044.pdf,SEC AAER index + company-name candidate matching,XWELL,XWELL,False,0.0,WEAK_OR_FALSE_MATCH—MANUAL_REVIEW,AUTO_REJECT_OBVIOUS_MISMATCH,No distinctive company-name token appears in the AAER title.
0,LIKELY COMPANY MATCH,,1410428,"XWELL, INC.",2018,100,27-Mar-18,AAER-3932,"Maxwell Technologies, Inc., et al. Release No. 33-10472, 34-82950, AAER-3932",https://www.sec.gov/files/litigation/admin/2018/33-10472.pdf,SEC AAER index + company-name candidate matching,XWELL,XWELL,False,0.0,WEAK_OR_FALSE_MATCH—MANUAL_REVIEW,AUTO_REJECT_OBVIOUS_MISMATCH,No distinctive company-name token appears in the AAER title.
0,REVIEW,,1844793,YO-HEALTH INC.,2009,88.89,18-Mar-09,AAER-2951,"Allion Healthcare, Inc. and James G. Spencer Release No. 34-59594, AAER-2951",https://www.sec.gov/files/litigation/admin/2009/34-59594.pdf,SEC AAER index + company-name candidate matching,YO HEALTH,HEALTH,False,0.0,WEAK_OR_FALSE_MATCH—MANUAL_REVIEW,AUTO_REJECT_OBVIOUS_MISMATCH,Candidate name contains only generic/short terms and the full legal entity was not found.
0,REVIEW,,1306035,YUS INTERNATIONAL GROUP LTD,2023,88.24,26-Apr-23,AAER-4403,"Frank's International N.V. Release No. 34-97381, AAER-4403 See Also: Administrative Summary",https://www.sec.gov/enforcement-litigation/administrative-proceedings/34-97381 | https://www.sec.gov/enforce/34-97381-s,SEC AAER index + company-name candidate matching,YUS INTERNATIONAL GROUP,YUS,False,0.0,WEAK_OR_FALSE_MATCH—MANUAL_REVIEW,AUTO_REJECT_OBVIOUS_MISMATCH,No distinctive company-name token appears in the AAER title.
