{
  "extracted_root": "data",
  "feature_csv": "sec_financial_features_2009_2026.csv",
  "reviewed_labels": "data/labels/aaer_labels_reviewed.csv",
  "analysis_dataset": "outputs/aaer_enhanced_accounting_benchmark/enhanced_10k_10q_analysis_dataset.csv",
  "label_window_years": 3,
  "analysis_end_year": 2023,
  "rows": 331388,
  "unique_firms": 14047,
  "positive_rows": 904,
  "split_summary": [
    {
      "split": "test",
      "rows": 75923,
      "positives": 167,
      "prevalence": 0.0021995969600779736
    },
    {
      "split": "train",
      "rows": 210028,
      "positives": 581,
      "prevalence": 0.0027662978269564057
    },
    {
      "split": "val",
      "rows": 45437,
      "positives": 156,
      "prevalence": 0.003433325263551731
    }
  ],
  "winsorization_bounds": {
    "log_assets": [
      0.0,
      25.77593456987019
    ],
    "leverage": [
      -6.524777660531853,
      1213.1756140997343
    ],
    "current_ratio": [
      -1.3640559386032318,
      115.29766430738245
    ],
    "roa": [
      -297.3185009057971,
      6.282096438953492
    ],
    "profit_margin": [
      -1167.0663617425025,
      131.60432692307967
    ],
    "operating_margin": [
      -894.342,
      99.3701741562061
    ],
    "cash_to_assets": [
      -0.2776787023588709,
      15.291305547627111
    ],
    "receivables_to_revenue": [
      -99.57869763205827,
      401.7857280736935
    ],
    "inventory_to_assets": [
      -0.5741485529199575,
      18.215101463261867
    ],
    "accruals_to_assets": [
      -174.59021697382633,
      34.34489839614055
    ],
    "revenue_growth": [
      -85.6681715194439,
      771.6569990982443
    ],
    "asset_growth": [
      -5.235047652090014,
      1035.0364922343813
    ],
    "Assets": [
      -2468753415.0,
      152488985000.0015
    ],
    "Liabilities": [
      -1142075920.0,
      150141039999.99997
    ],
    "AssetsCurrent": [
      -60000000.0,
      32963590000.000027
    ],
    "LiabilitiesCurrent": [
      -86443850.0,
      24445184999.99926
    ],
    "Revenue": [
      -74942140.0,
      22910235919.999844
    ],
    "GrossProfit": [
      -6517840.0,
      7752379999.999975
    ],
    "OperatingIncomeLoss": [
      -406041000.0,
      3256200000.0000114
    ],
    "NetIncomeLoss": [
      -578151170.0000001,
      2922000000.0
    ],
    "OperatingCashFlow": [
      -480592435.0,
      7264294999.999954
    ],
    "Cash": [
      0.0,
      8570890760.000009
    ],
    "AccountsReceivable": [
      0.0,
      8310800000.000105
    ],
    "Inventory": [
      0.0,
      8930460000.000021
    ],
    "SGA": [
      -765451.095,
      4352805000.0000515
    ],
    "RND": [
      -465.6000000000005,
      1835200000.0000043
    ],
    "rev_growth_yoy": [
      -85.6681715194439,
      771.6569990982443
    ],
    "assets_growth_yoy": [
      -5.235047652090014,
      1035.0364922343813
    ],
    "liabilities_growth_yoy": [
      -2.613639189912003,
      665.4799391246605
    ],
    "income_growth_yoy": [
      -122.7988742666878,
      283.5615529357224
    ],
    "ocf_growth_yoy": [
      -57.094221063829785,
      120.38449557751586
    ],
    "dsri": [
      -193.37834654687202,
      1098.827416284283
    ],
    "gmi": [
      -226.75920318336875,
      423.01099455056294
    ],
    "aqi": [
      -362.11026883001847,
      136.7435063664173
    ],
    "sgi": [
      -84.6681715194439,
      772.6569990982443
    ],
    "sgai": [
      -241.98587958649247,
      1319.777415576934
    ],
    "lvgi": [
      -11.90412040845552,
      561.3286632774224
    ],
    "tata": [
      -174.59021697382633,
      34.34489839614055
    ],
    "wc_accruals_to_assets": [
      -411.2817031573417,
      36.593029681025364
    ],
    "cashflow_to_income": [
      -325.63732972891785,
      412.6079242731559
    ],
    "ar_growth_yoy": [
      -1.0,
      101.25168768409674
    ],
    "inventory_growth_yoy": [
      -1.0111302730044094,
      30.689566151203106
    ],
    "cash_growth_yoy": [
      -1.0,
      611.3848516852944
    ],
    "gross_margin": [
      -63.666262444793794,
      224.97933534742782
    ],
    "gross_margin_lag": [
      -56.671400923432095,
      185.36647303973888
    ],
    "gross_margin_change": [
      -344.0147620694957,
      437.7588327329366
    ],
    "sga_to_sales": [
      -32.60898897058821,
      623.091833333331
    ],
    "sga_to_sales_lag": [
      -27.05779735739923,
      572.6221846790911
    ],
    "sga_to_sales_change": [
      -506.1818230445306,
      565.528914436727
    ],
    "revenue_to_assets": [
      -0.6718725069606605,
      34.70356086995351
    ],
    "ar_to_assets": [
      -0.5062645941906033,
      14.897638524286819
    ],
    "inventory_to_revenue": [
      -81.97023086734691,
      461.080971517205
    ]
  }
}